Year,Sex,Age,Population,MaleBirths,FemaleBirths,TotalBirths,Deaths,Emigrations,Immigrations,Migration_balance,GDP_per_capita,Health_expenditure_pct_GDP,Unemployment
2001,Female,0-4,146530.0,0.0,0.0,0.0,115.0,993.0,1524.0,531.0,38601.897639231,8.00972462,3.613
2001,Female,5-9,149679.0,0.0,0.0,0.0,14.0,816.0,1048.0,232.0,38601.897639231,8.00972462,3.613
2001,Female,10-14,142961.0,0.0,0.0,0.0,10.0,583.0,827.0,244.0,38601.897639231,8.00972462,3.613
2001,Female,15-19,129683.0,737.0,703.0,1440.0,37.0,965.0,1746.0,781.0,38601.897639231,8.00972462,3.613
2001,Female,20-24,135104.0,4330.0,4124.0,8454.0,54.0,2393.0,3376.0,983.0,38601.897639231,8.00972462,3.613
2001,Female,25-29,160921.0,10027.0,9549.0,19576.0,60.0,2006.0,2993.0,987.0,38601.897639231,8.00972462,3.613
2001,Female,30-34,172159.0,9535.0,9080.0,18615.0,84.0,1452.0,2016.0,564.0,38601.897639231,8.00972462,3.613
2001,Female,35-39,162568.0,3838.0,3653.0,7491.0,104.0,980.0,1283.0,303.0,38601.897639231,8.00972462,3.613
2001,Female,40-44,156709.0,562.0,534.0,1096.0,165.0,653.0,875.0,222.0,38601.897639231,8.00972462,3.613
2001,Female,45-49,149989.0,28.0,25.0,53.0,271.0,505.0,514.0,9.0,38601.897639231,8.00972462,3.613
2001,Female,50-54,150774.0,0.0,0.0,0.0,431.0,411.0,398.0,-13.0,38601.897639231,8.00972462,3.613
2001,Female,55-59,122757.0,0.0,0.0,0.0,556.0,341.0,275.0,-66.0,38601.897639231,8.00972462,3.613
2001,Female,60-64,95720.0,0.0,0.0,0.0,685.0,242.0,207.0,-35.0,38601.897639231,8.00972462,3.613
2001,Female,65-69,86557.0,0.0,0.0,0.0,914.0,168.0,123.0,-45.0,38601.897639231,8.00972462,3.613
2001,Female,70-74,89154.0,0.0,0.0,0.0,1623.0,101.0,73.0,-28.0,38601.897639231,8.00972462,3.613
2001,Female,75-79,89678.0,0.0,0.0,0.0,2988.0,40.0,65.0,25.0,38601.897639231,8.00972462,3.613
2001,Female,80+,131192.0,0.0,0.0,0.0,14240.0,46.0,39.0,-7.0,38601.897639231,8.00972462,3.613
2001,Male,0-4,154424.0,0.0,0.0,0.0,162.0,1039.0,1611.0,572.0,38601.897639231,8.00972462,3.849
2001,Male,5-9,158469.0,0.0,0.0,0.0,18.0,864.0,1135.0,271.0,38601.897639231,8.00972462,3.849
2001,Male,10-14,150368.0,0.0,0.0,0.0,15.0,614.0,946.0,332.0,38601.897639231,8.00972462,3.849
2001,Male,15-19,136277.0,0.0,0.0,0.0,98.0,640.0,1324.0,684.0,38601.897639231,8.00972462,3.849
2001,Male,20-24,139832.0,0.0,0.0,0.0,171.0,1724.0,2326.0,602.0,38601.897639231,8.00972462,3.849
2001,Male,25-29,165401.0,0.0,0.0,0.0,172.0,2124.0,2817.0,693.0,38601.897639231,8.00972462,3.849
2001,Male,30-34,179578.0,0.0,0.0,0.0,198.0,1732.0,2167.0,435.0,38601.897639231,8.00972462,3.849
2001,Male,35-39,170814.0,0.0,0.0,0.0,260.0,1373.0,1559.0,186.0,38601.897639231,8.00972462,3.849
2001,Male,40-44,162764.0,0.0,0.0,0.0,300.0,985.0,1073.0,88.0,38601.897639231,8.00972462,3.849
2001,Male,45-49,155674.0,0.0,0.0,0.0,439.0,741.0,672.0,-69.0,38601.897639231,8.00972462,3.849
2001,Male,50-54,157590.0,0.0,0.0,0.0,672.0,590.0,438.0,-152.0,38601.897639231,8.00972462,3.849
2001,Male,55-59,125304.0,0.0,0.0,0.0,882.0,445.0,352.0,-93.0,38601.897639231,8.00972462,3.849
2001,Male,60-64,92561.0,0.0,0.0,0.0,1089.0,333.0,177.0,-156.0,38601.897639231,8.00972462,3.849
2001,Male,65-69,78277.0,0.0,0.0,0.0,1536.0,230.0,130.0,-100.0,38601.897639231,8.00972462,3.849
2001,Male,70-74,74256.0,0.0,0.0,0.0,2482.0,102.0,61.0,-41.0,38601.897639231,8.00972462,3.849
2001,Male,75-79,64003.0,0.0,0.0,0.0,3822.0,50.0,54.0,4.0,38601.897639231,8.00972462,3.849
2001,Male,80+,65709.0,0.0,0.0,0.0,9314.0,28.0,40.0,12.0,38601.897639231,8.00972462,3.849
2002,Female,0-4,144453.0,0.0,0.0,0.0,131.0,768.0,1914.0,1146.0,43170.557174499,8.98267078,4.094
2002,Female,5-9,149623.0,0.0,0.0,0.0,15.0,627.0,1418.0,791.0,43170.557174499,8.98267078,4.094
2002,Female,10-14,147168.0,0.0,0.0,0.0,23.0,486.0,1184.0,698.0,43170.557174499,8.98267078,4.094
2002,Female,15-19,130323.0,677.0,650.0,1327.0,36.0,844.0,1978.0,1134.0,43170.557174499,8.98267078,4.094
2002,Female,20-24,134484.0,4107.0,3930.0,8037.0,48.0,2215.0,3915.0,1700.0,43170.557174499,8.98267078,4.094
2002,Female,25-29,155761.0,9485.0,9076.0,18561.0,54.0,1803.0,3627.0,1824.0,43170.557174499,8.98267078,4.094
2002,Female,30-34,172767.0,9664.0,9248.0,18912.0,80.0,1221.0,2290.0,1069.0,43170.557174499,8.98267078,4.094
2002,Female,35-39,165422.0,3767.0,3603.0,7370.0,103.0,826.0,1539.0,713.0,43170.557174499,8.98267078,4.094
2002,Female,40-44,156556.0,621.0,595.0,1216.0,156.0,524.0,978.0,454.0,43170.557174499,8.98267078,4.094
2002,Female,45-49,153018.0,21.0,20.0,41.0,241.0,441.0,611.0,170.0,43170.557174499,8.98267078,4.094
2002,Female,50-54,146894.0,0.0,0.0,0.0,415.0,387.0,424.0,37.0,43170.557174499,8.98267078,4.094
2002,Female,55-59,134112.0,0.0,0.0,0.0,642.0,351.0,319.0,-32.0,43170.557174499,8.98267078,4.094
2002,Female,60-64,97260.0,0.0,0.0,0.0,683.0,283.0,227.0,-56.0,43170.557174499,8.98267078,4.094
2002,Female,65-69,85350.0,0.0,0.0,0.0,914.0,169.0,161.0,-8.0,43170.557174499,8.98267078,4.094
2002,Female,70-74,87367.0,0.0,0.0,0.0,1602.0,74.0,103.0,29.0,43170.557174499,8.98267078,4.094
2002,Female,75-79,87432.0,0.0,0.0,0.0,2905.0,43.0,47.0,4.0,43170.557174499,8.98267078,4.094
2002,Female,80+,134142.0,0.0,0.0,0.0,14774.0,35.0,46.0,11.0,43170.557174499,8.98267078,4.094
2002,Male,0-4,151908.0,0.0,0.0,0.0,129.0,913.0,1773.0,860.0,43170.557174499,8.98267078,3.957
2002,Male,5-9,158466.0,0.0,0.0,0.0,31.0,718.0,1499.0,781.0,43170.557174499,8.98267078,3.957
2002,Male,10-14,154682.0,0.0,0.0,0.0,22.0,489.0,1332.0,843.0,43170.557174499,8.98267078,3.957
2002,Male,15-19,137880.0,0.0,0.0,0.0,90.0,510.0,1534.0,1024.0,43170.557174499,8.98267078,3.957
2002,Male,20-24,138519.0,0.0,0.0,0.0,140.0,1631.0,2642.0,1011.0,43170.557174499,8.98267078,3.957
2002,Male,25-29,159697.0,0.0,0.0,0.0,171.0,1811.0,3155.0,1344.0,43170.557174499,8.98267078,3.957
2002,Male,30-34,178858.0,0.0,0.0,0.0,207.0,1526.0,2456.0,930.0,43170.557174499,8.98267078,3.957
2002,Male,35-39,173974.0,0.0,0.0,0.0,244.0,1110.0,1680.0,570.0,43170.557174499,8.98267078,3.957
2002,Male,40-44,163003.0,0.0,0.0,0.0,278.0,846.0,1113.0,267.0,43170.557174499,8.98267078,3.957
2002,Male,45-49,157643.0,0.0,0.0,0.0,397.0,604.0,756.0,152.0,43170.557174499,8.98267078,3.957
2002,Male,50-54,153723.0,0.0,0.0,0.0,671.0,483.0,513.0,30.0,43170.557174499,8.98267078,3.957
2002,Male,55-59,137679.0,0.0,0.0,0.0,976.0,409.0,376.0,-33.0,43170.557174499,8.98267078,3.957
2002,Male,60-64,94372.0,0.0,0.0,0.0,1108.0,375.0,202.0,-173.0,43170.557174499,8.98267078,3.957
2002,Male,65-69,77793.0,0.0,0.0,0.0,1579.0,255.0,134.0,-121.0,43170.557174499,8.98267078,3.957
2002,Male,70-74,73071.0,0.0,0.0,0.0,2438.0,105.0,101.0,-4.0,43170.557174499,8.98267078,3.957
2002,Male,75-79,63349.0,0.0,0.0,0.0,3676.0,42.0,45.0,3.0,43170.557174499,8.98267078,3.957
2002,Male,80+,67317.0,0.0,0.0,0.0,9486.0,24.0,30.0,6.0,43170.557174499,8.98267078,3.957
2003,Female,0-4,142916.0,0.0,0.0,0.0,115.0,808.0,1736.0,928.0,50250.3298214345,9.19355106,3.957
2003,Female,5-9,150107.0,0.0,0.0,0.0,13.0,682.0,1160.0,478.0,50250.3298214345,9.19355106,3.957
2003,Female,10-14,150245.0,0.0,0.0,0.0,20.0,425.0,950.0,525.0,50250.3298214345,9.19355106,3.957
2003,Female,15-19,132490.0,629.0,595.0,1224.0,36.0,807.0,1627.0,820.0,50250.3298214345,9.19355106,3.957
2003,Female,20-24,135431.0,4094.0,3874.0,7968.0,47.0,2384.0,3537.0,1153.0,50250.3298214345,9.19355106,3.957
2003,Female,25-29,150917.0,9475.0,8962.0,18437.0,57.0,1889.0,3227.0,1338.0,50250.3298214345,9.19355106,3.957
2003,Female,30-34,173231.0,10018.0,9476.0,19494.0,74.0,1331.0,2065.0,734.0,50250.3298214345,9.19355106,3.957
2003,Female,35-39,168694.0,4159.0,3934.0,8093.0,102.0,839.0,1386.0,547.0,50250.3298214345,9.19355106,3.957
2003,Female,40-44,157407.0,627.0,592.0,1219.0,178.0,560.0,849.0,289.0,50250.3298214345,9.19355106,3.957
2003,Female,45-49,154400.0,29.0,26.0,55.0,246.0,437.0,618.0,181.0,50250.3298214345,9.19355106,3.957
2003,Female,50-54,145637.0,0.0,0.0,0.0,374.0,373.0,410.0,37.0,50250.3298214345,9.19355106,3.957
2003,Female,55-59,141651.0,0.0,0.0,0.0,633.0,378.0,297.0,-81.0,50250.3298214345,9.19355106,3.957
2003,Female,60-64,100772.0,0.0,0.0,0.0,675.0,339.0,242.0,-97.0,50250.3298214345,9.19355106,3.957
2003,Female,65-69,85005.0,0.0,0.0,0.0,871.0,195.0,122.0,-73.0,50250.3298214345,9.19355106,3.957
2003,Female,70-74,86347.0,0.0,0.0,0.0,1521.0,103.0,77.0,-26.0,50250.3298214345,9.19355106,3.957
2003,Female,75-79,84606.0,0.0,0.0,0.0,2675.0,47.0,48.0,1.0,50250.3298214345,9.19355106,3.957
2003,Female,80+,136289.0,0.0,0.0,0.0,14276.0,49.0,34.0,-15.0,50250.3298214345,9.19355106,3.957
2003,Male,0-4,149678.0,0.0,0.0,0.0,136.0,912.0,1560.0,648.0,50250.3298214345,9.19355106,4.457
2003,Male,5-9,158418.0,0.0,0.0,0.0,23.0,681.0,1219.0,538.0,50250.3298214345,9.19355106,4.457
2003,Male,10-14,158964.0,0.0,0.0,0.0,30.0,476.0,1026.0,550.0,50250.3298214345,9.19355106,4.457
2003,Male,15-19,139590.0,0.0,0.0,0.0,92.0,574.0,1484.0,910.0,50250.3298214345,9.19355106,4.457
2003,Male,20-24,139482.0,0.0,0.0,0.0,124.0,1799.0,2462.0,663.0,50250.3298214345,9.19355106,4.457
2003,Male,25-29,153849.0,0.0,0.0,0.0,145.0,2188.0,3034.0,846.0,50250.3298214345,9.19355106,4.457
2003,Male,30-34,178727.0,0.0,0.0,0.0,190.0,1738.0,2230.0,492.0,50250.3298214345,9.19355106,4.457
2003,Male,35-39,176703.0,0.0,0.0,0.0,220.0,1287.0,1570.0,283.0,50250.3298214345,9.19355106,4.457
2003,Male,40-44,164202.0,0.0,0.0,0.0,286.0,884.0,1030.0,146.0,50250.3298214345,9.19355106,4.457
2003,Male,45-49,158547.0,0.0,0.0,0.0,408.0,665.0,685.0,20.0,50250.3298214345,9.19355106,4.457
2003,Male,50-54,152431.0,0.0,0.0,0.0,613.0,529.0,436.0,-93.0,50250.3298214345,9.19355106,4.457
2003,Male,55-59,145762.0,0.0,0.0,0.0,982.0,445.0,339.0,-106.0,50250.3298214345,9.19355106,4.457
2003,Male,60-64,98425.0,0.0,0.0,0.0,1072.0,366.0,228.0,-138.0,50250.3298214345,9.19355106,4.457
2003,Male,65-69,77705.0,0.0,0.0,0.0,1502.0,274.0,119.0,-155.0,50250.3298214345,9.19355106,4.457
2003,Male,70-74,72747.0,0.0,0.0,0.0,2241.0,118.0,76.0,-42.0,50250.3298214345,9.19355106,4.457
2003,Male,75-79,62103.0,0.0,0.0,0.0,3226.0,62.0,42.0,-20.0,50250.3298214345,9.19355106,4.457
2003,Male,80+,68774.0,0.0,0.0,0.0,9275.0,28.0,32.0,4.0,50250.3298214345,9.19355106,4.457
2004,Female,0-4,142108.0,0.0,0.0,0.0,103.0,772.0,1831.0,1059.0,57768.6980958462,8.79598331,3.923
2004,Female,5-9,149622.0,0.0,0.0,0.0,19.0,628.0,1036.0,408.0,57768.6980958462,8.79598331,3.923
2004,Female,10-14,151760.0,0.0,0.0,0.0,21.0,418.0,906.0,488.0,57768.6980958462,8.79598331,3.923
2004,Female,15-19,136324.0,582.0,555.0,1137.0,38.0,768.0,1603.0,835.0,57768.6980958462,8.79598331,3.923
2004,Female,20-24,134971.0,4122.0,3921.0,8043.0,46.0,2358.0,3684.0,1326.0,57768.6980958462,8.79598331,3.923
2004,Female,25-29,147299.0,9263.0,8809.0,18072.0,59.0,1929.0,3450.0,1521.0,57768.6980958462,8.79598331,3.923
2004,Female,30-34,171193.0,10208.0,9708.0,19916.0,77.0,1359.0,2165.0,806.0,57768.6980958462,8.79598331,3.923
2004,Female,35-39,171631.0,4350.0,4135.0,8485.0,114.0,843.0,1328.0,485.0,57768.6980958462,8.79598331,3.923
2004,Female,40-44,158760.0,654.0,621.0,1275.0,160.0,523.0,866.0,343.0,57768.6980958462,8.79598331,3.923
2004,Female,45-49,155426.0,29.0,26.0,55.0,269.0,376.0,560.0,184.0,57768.6980958462,8.79598331,3.923
2004,Female,50-54,146108.0,0.0,0.0,0.0,380.0,342.0,388.0,46.0,57768.6980958462,8.79598331,3.923
2004,Female,55-59,146379.0,0.0,0.0,0.0,621.0,325.0,286.0,-39.0,57768.6980958462,8.79598331,3.923
2004,Female,60-64,105180.0,0.0,0.0,0.0,654.0,257.0,232.0,-25.0,57768.6980958462,8.79598331,3.923
2004,Female,65-69,86696.0,0.0,0.0,0.0,861.0,191.0,140.0,-51.0,57768.6980958462,8.79598331,3.923
2004,Female,70-74,84035.0,0.0,0.0,0.0,1351.0,87.0,78.0,-9.0,57768.6980958462,8.79598331,3.923
2004,Female,75-79,82355.0,0.0,0.0,0.0,2472.0,54.0,49.0,-5.0,57768.6980958462,8.79598331,3.923
2004,Female,80+,138561.0,0.0,0.0,0.0,13964.0,60.0,51.0,-9.0,57768.6980958462,8.79598331,3.923
2004,Male,0-4,148781.0,0.0,0.0,0.0,129.0,781.0,1610.0,829.0,57768.6980958462,8.79598331,4.556
2004,Male,5-9,157992.0,0.0,0.0,0.0,11.0,635.0,1129.0,494.0,57768.6980958462,8.79598331,4.556
2004,Male,10-14,160273.0,0.0,0.0,0.0,16.0,401.0,880.0,479.0,57768.6980958462,8.79598331,4.556
2004,Male,15-19,143496.0,0.0,0.0,0.0,86.0,546.0,1277.0,731.0,57768.6980958462,8.79598331,4.556
2004,Male,20-24,139227.0,0.0,0.0,0.0,148.0,1651.0,2380.0,729.0,57768.6980958462,8.79598331,4.556
2004,Male,25-29,149392.0,0.0,0.0,0.0,152.0,2027.0,3151.0,1124.0,57768.6980958462,8.79598331,4.556
2004,Male,30-34,175986.0,0.0,0.0,0.0,154.0,1558.0,2409.0,851.0,57768.6980958462,8.79598331,4.556
2004,Male,35-39,179603.0,0.0,0.0,0.0,215.0,1245.0,1711.0,466.0,57768.6980958462,8.79598331,4.556
2004,Male,40-44,165235.0,0.0,0.0,0.0,267.0,878.0,1139.0,261.0,57768.6980958462,8.79598331,4.556
2004,Male,45-49,159632.0,0.0,0.0,0.0,373.0,585.0,771.0,186.0,57768.6980958462,8.79598331,4.556
2004,Male,50-54,151744.0,0.0,0.0,0.0,637.0,471.0,502.0,31.0,57768.6980958462,8.79598331,4.556
2004,Male,55-59,151192.0,0.0,0.0,0.0,974.0,459.0,321.0,-138.0,57768.6980958462,8.79598331,4.556
2004,Male,60-64,103784.0,0.0,0.0,0.0,1111.0,343.0,242.0,-101.0,57768.6980958462,8.79598331,4.556
2004,Male,65-69,79315.0,0.0,0.0,0.0,1429.0,206.0,143.0,-63.0,57768.6980958462,8.79598331,4.556
2004,Male,70-74,71654.0,0.0,0.0,0.0,2140.0,112.0,75.0,-37.0,57768.6980958462,8.79598331,4.556
2004,Male,75-79,61118.0,0.0,0.0,0.0,3002.0,51.0,46.0,-5.0,57768.6980958462,8.79598331,4.556
2004,Male,80+,70625.0,0.0,0.0,0.0,9147.0,32.0,43.0,11.0,57768.6980958462,8.79598331,4.556
2005,Female,0-4,141394.0,0.0,0.0,0.0,96.0,710.0,1838.0,1128.0,67047.1704558264,8.29899502,4.192
2005,Female,5-9,149356.0,0.0,0.0,0.0,13.0,557.0,1167.0,610.0,67047.1704558264,8.29899502,4.192
2005,Female,10-14,152325.0,0.0,0.0,0.0,14.0,337.0,955.0,618.0,67047.1704558264,8.29899502,4.192
2005,Female,15-19,140688.0,593.0,564.0,1157.0,34.0,741.0,1586.0,845.0,67047.1704558264,8.29899502,4.192
2005,Female,20-24,134851.0,4060.0,3869.0,7929.0,51.0,2241.0,3799.0,1558.0,67047.1704558264,8.29899502,4.192
2005,Female,25-29,144248.0,9149.0,8725.0,17874.0,52.0,1924.0,3946.0,2022.0,67047.1704558264,8.29899502,4.192
2005,Female,30-34,168752.0,10169.0,9696.0,19865.0,73.0,1237.0,2439.0,1202.0,67047.1704558264,8.29899502,4.192
2005,Female,35-39,173971.0,4347.0,4145.0,8492.0,119.0,762.0,1513.0,751.0,67047.1704558264,8.29899502,4.192
2005,Female,40-44,161022.0,721.0,688.0,1409.0,167.0,510.0,933.0,423.0,67047.1704558264,8.29899502,4.192
2005,Female,45-49,156442.0,33.0,30.0,63.0,253.0,402.0,571.0,169.0,67047.1704558264,8.29899502,4.192
2005,Female,50-54,147101.0,0.0,0.0,0.0,398.0,312.0,397.0,85.0,67047.1704558264,8.29899502,4.192
2005,Female,55-59,147886.0,0.0,0.0,0.0,606.0,305.0,296.0,-9.0,67047.1704558264,8.29899502,4.192
2005,Female,60-64,111926.0,0.0,0.0,0.0,741.0,250.0,212.0,-38.0,67047.1704558264,8.29899502,4.192
2005,Female,65-69,89010.0,0.0,0.0,0.0,881.0,157.0,143.0,-14.0,67047.1704558264,8.29899502,4.192
2005,Female,70-74,82496.0,0.0,0.0,0.0,1333.0,92.0,98.0,6.0,67047.1704558264,8.29899502,4.192
2005,Female,75-79,80158.0,0.0,0.0,0.0,2374.0,38.0,55.0,17.0,67047.1704558264,8.29899502,4.192
2005,Female,80+,140667.0,0.0,0.0,0.0,13914.0,34.0,53.0,19.0,67047.1704558264,8.29899502,4.192
2005,Male,0-4,147752.0,0.0,0.0,0.0,128.0,730.0,1640.0,910.0,67047.1704558264,8.29899502,4.549
2005,Male,5-9,157582.0,0.0,0.0,0.0,22.0,542.0,1252.0,710.0,67047.1704558264,8.29899502,4.549
2005,Male,10-14,160909.0,0.0,0.0,0.0,23.0,397.0,1018.0,621.0,67047.1704558264,8.29899502,4.549
2005,Male,15-19,148355.0,0.0,0.0,0.0,70.0,492.0,1164.0,672.0,67047.1704558264,8.29899502,4.549
2005,Male,20-24,139055.0,0.0,0.0,0.0,141.0,1505.0,2513.0,1008.0,67047.1704558264,8.29899502,4.549
2005,Male,25-29,146005.0,0.0,0.0,0.0,124.0,1892.0,3548.0,1656.0,67047.1704558264,8.29899502,4.549
2005,Male,30-34,172644.0,0.0,0.0,0.0,152.0,1507.0,3035.0,1528.0,67047.1704558264,8.29899502,4.549
2005,Male,35-39,181157.0,0.0,0.0,0.0,223.0,1087.0,2035.0,948.0,67047.1704558264,8.29899502,4.549
2005,Male,40-44,167656.0,0.0,0.0,0.0,256.0,812.0,1464.0,652.0,67047.1704558264,8.29899502,4.549
2005,Male,45-49,161207.0,0.0,0.0,0.0,398.0,601.0,979.0,378.0,67047.1704558264,8.29899502,4.549
2005,Male,50-54,152049.0,0.0,0.0,0.0,583.0,423.0,568.0,145.0,67047.1704558264,8.29899502,4.549
2005,Male,55-59,152620.0,0.0,0.0,0.0,957.0,422.0,359.0,-63.0,67047.1704558264,8.29899502,4.549
2005,Male,60-64,111690.0,0.0,0.0,0.0,1151.0,325.0,225.0,-100.0,67047.1704558264,8.29899502,4.549
2005,Male,65-69,81990.0,0.0,0.0,0.0,1397.0,205.0,160.0,-45.0,67047.1704558264,8.29899502,4.549
2005,Male,70-74,70449.0,0.0,0.0,0.0,2036.0,100.0,100.0,0.0,67047.1704558264,8.29899502,4.549
2005,Male,75-79,60462.0,0.0,0.0,0.0,3084.0,35.0,50.0,15.0,67047.1704558264,8.29899502,4.549
2005,Male,80+,72488.0,0.0,0.0,0.0,9368.0,25.0,37.0,12.0,67047.1704558264,8.29899502,4.549
2006,Female,0-4,140709.0,0.0,0.0,0.0,91.0,670.0,1797.0,1127.0,74434.4996835671,7.8822999,3.344
2006,Female,5-9,149085.0,0.0,0.0,0.0,20.0,565.0,1162.0,597.0,74434.4996835671,7.8822999,3.344
2006,Female,10-14,152233.0,0.0,0.0,0.0,3.0,424.0,963.0,539.0,74434.4996835671,7.8822999,3.344
2006,Female,15-19,145741.0,665.0,632.0,1297.0,35.0,704.0,1641.0,937.0,74434.4996835671,7.8822999,3.344
2006,Female,20-24,135420.0,4200.0,4001.0,8201.0,39.0,2368.0,4091.0,1723.0,74434.4996835671,7.8822999,3.344
2006,Female,25-29,143021.0,9335.0,8890.0,18225.0,40.0,1996.0,4266.0,2270.0,74434.4996835671,7.8822999,3.344
2006,Female,30-34,166205.0,10331.0,9838.0,20169.0,70.0,1233.0,2560.0,1327.0,74434.4996835671,7.8822999,3.344
2006,Female,35-39,175082.0,4680.0,4455.0,9135.0,103.0,780.0,1681.0,901.0,74434.4996835671,7.8822999,3.344
2006,Female,40-44,163999.0,760.0,723.0,1483.0,148.0,574.0,974.0,400.0,74434.4996835671,7.8822999,3.344
2006,Female,45-49,156895.0,33.0,32.0,65.0,274.0,373.0,601.0,228.0,74434.4996835671,7.8822999,3.344
2006,Female,50-54,148775.0,0.0,0.0,0.0,370.0,288.0,423.0,135.0,74434.4996835671,7.8822999,3.344
2006,Female,55-59,148111.0,0.0,0.0,0.0,587.0,274.0,295.0,21.0,74434.4996835671,7.8822999,3.344
2006,Female,60-64,119271.0,0.0,0.0,0.0,806.0,272.0,246.0,-26.0,74434.4996835671,7.8822999,3.344
2006,Female,65-69,91638.0,0.0,0.0,0.0,827.0,163.0,150.0,-13.0,74434.4996835671,7.8822999,3.344
2006,Female,70-74,80858.0,0.0,0.0,0.0,1287.0,78.0,100.0,22.0,74434.4996835671,7.8822999,3.344
2006,Female,75-79,79109.0,0.0,0.0,0.0,2319.0,43.0,56.0,13.0,74434.4996835671,7.8822999,3.344
2006,Female,80+,142086.0,0.0,0.0,0.0,14606.0,32.0,46.0,14.0,74434.4996835671,7.8822999,3.344
2006,Male,0-4,146674.0,0.0,0.0,0.0,136.0,689.0,1770.0,1081.0,74434.4996835671,7.8822999,3.445
2006,Male,5-9,157023.0,0.0,0.0,0.0,16.0,597.0,1260.0,663.0,74434.4996835671,7.8822999,3.445
2006,Male,10-14,161087.0,0.0,0.0,0.0,17.0,385.0,1029.0,644.0,74434.4996835671,7.8822999,3.445
2006,Male,15-19,153434.0,0.0,0.0,0.0,77.0,487.0,1173.0,686.0,74434.4996835671,7.8822999,3.445
2006,Male,20-24,139588.0,0.0,0.0,0.0,121.0,1520.0,3133.0,1613.0,74434.4996835671,7.8822999,3.445
2006,Male,25-29,144790.0,0.0,0.0,0.0,140.0,1800.0,4772.0,2972.0,74434.4996835671,7.8822999,3.445
2006,Male,30-34,169674.0,0.0,0.0,0.0,160.0,1582.0,3746.0,2164.0,74434.4996835671,7.8822999,3.445
2006,Male,35-39,181573.0,0.0,0.0,0.0,199.0,1143.0,2663.0,1520.0,74434.4996835671,7.8822999,3.445
2006,Male,40-44,171271.0,0.0,0.0,0.0,228.0,861.0,1992.0,1131.0,74434.4996835671,7.8822999,3.445
2006,Male,45-49,162013.0,0.0,0.0,0.0,385.0,604.0,1342.0,738.0,74434.4996835671,7.8822999,3.445
2006,Male,50-54,153370.0,0.0,0.0,0.0,600.0,459.0,854.0,395.0,74434.4996835671,7.8822999,3.445
2006,Male,55-59,153055.0,0.0,0.0,0.0,914.0,371.0,387.0,16.0,74434.4996835671,7.8822999,3.445
2006,Male,60-64,119651.0,0.0,0.0,0.0,1293.0,301.0,246.0,-55.0,74434.4996835671,7.8822999,3.445
2006,Male,65-69,85663.0,0.0,0.0,0.0,1414.0,219.0,155.0,-64.0,74434.4996835671,7.8822999,3.445
2006,Male,70-74,68928.0,0.0,0.0,0.0,1868.0,110.0,90.0,-20.0,74434.4996835671,7.8822999,3.445
2006,Male,75-79,60397.0,0.0,0.0,0.0,2834.0,55.0,57.0,2.0,74434.4996835671,7.8822999,3.445
2006,Male,80+,73790.0,0.0,0.0,0.0,9226.0,33.0,55.0,22.0,74434.4996835671,7.8822999,3.445
2007,Female,0-4,141812.0,0.0,0.0,0.0,103.0,658.0,2199.0,1541.0,85502.2677087731,8.01673985,2.423
2007,Female,5-9,147436.0,0.0,0.0,0.0,12.0,537.0,1407.0,870.0,85502.2677087731,8.01673985,2.423
2007,Female,10-14,152504.0,0.0,0.0,0.0,15.0,337.0,1168.0,831.0,85502.2677087731,8.01673985,2.423
2007,Female,15-19,150355.0,713.0,675.0,1388.0,28.0,749.0,1797.0,1048.0,85502.2677087731,8.01673985,2.423
2007,Female,20-24,136433.0,4280.0,4060.0,8340.0,45.0,2164.0,4901.0,2737.0,85502.2677087731,8.01673985,2.423
2007,Female,25-29,143448.0,9101.0,8631.0,17732.0,51.0,1949.0,5683.0,3734.0,85502.2677087731,8.01673985,2.423
2007,Female,30-34,162101.0,10130.0,9607.0,19737.0,55.0,1199.0,3206.0,2007.0,85502.2677087731,8.01673985,2.423
2007,Female,35-39,176455.0,4919.0,4664.0,9583.0,113.0,783.0,1989.0,1206.0,85502.2677087731,8.01673985,2.423
2007,Female,40-44,167158.0,844.0,799.0,1643.0,152.0,564.0,1290.0,726.0,85502.2677087731,8.01673985,2.423
2007,Female,45-49,156908.0,35.0,31.0,66.0,243.0,371.0,763.0,392.0,85502.2677087731,8.01673985,2.423
2007,Female,50-54,152057.0,0.0,0.0,0.0,381.0,295.0,524.0,229.0,85502.2677087731,8.01673985,2.423
2007,Female,55-59,144519.0,0.0,0.0,0.0,586.0,230.0,325.0,95.0,85502.2677087731,8.01673985,2.423
2007,Female,60-64,130357.0,0.0,0.0,0.0,813.0,243.0,231.0,-12.0,85502.2677087731,8.01673985,2.423
2007,Female,65-69,93263.0,0.0,0.0,0.0,903.0,153.0,179.0,26.0,85502.2677087731,8.01673985,2.423
2007,Female,70-74,79949.0,0.0,0.0,0.0,1283.0,68.0,93.0,25.0,85502.2677087731,8.01673985,2.423
2007,Female,75-79,77813.0,0.0,0.0,0.0,2273.0,36.0,44.0,8.0,85502.2677087731,8.01673985,2.423
2007,Female,80+,142778.0,0.0,0.0,0.0,14682.0,24.0,48.0,24.0,85502.2677087731,8.01673985,2.423
2007,Male,0-4,147973.0,0.0,0.0,0.0,114.0,729.0,2219.0,1490.0,85502.2677087731,8.01673985,2.557
2007,Male,5-9,154758.0,0.0,0.0,0.0,10.0,556.0,1469.0,913.0,85502.2677087731,8.01673985,2.557
2007,Male,10-14,161448.0,0.0,0.0,0.0,24.0,363.0,1263.0,900.0,85502.2677087731,8.01673985,2.557
2007,Male,15-19,157915.0,0.0,0.0,0.0,65.0,504.0,1603.0,1099.0,85502.2677087731,8.01673985,2.557
2007,Male,20-24,142064.0,0.0,0.0,0.0,113.0,1602.0,4707.0,3105.0,85502.2677087731,8.01673985,2.557
2007,Male,25-29,145390.0,0.0,0.0,0.0,140.0,1879.0,6927.0,5048.0,85502.2677087731,8.01673985,2.557
2007,Male,30-34,165907.0,0.0,0.0,0.0,131.0,1634.0,5743.0,4109.0,85502.2677087731,8.01673985,2.557
2007,Male,35-39,182349.0,0.0,0.0,0.0,165.0,1227.0,4168.0,2941.0,85502.2677087731,8.01673985,2.557
2007,Male,40-44,175641.0,0.0,0.0,0.0,236.0,1000.0,3148.0,2148.0,85502.2677087731,8.01673985,2.557
2007,Male,45-49,163161.0,0.0,0.0,0.0,396.0,675.0,2137.0,1462.0,85502.2677087731,8.01673985,2.557
2007,Male,50-54,155972.0,0.0,0.0,0.0,580.0,534.0,1333.0,799.0,85502.2677087731,8.01673985,2.557
2007,Male,55-59,149713.0,0.0,0.0,0.0,847.0,389.0,590.0,201.0,85502.2677087731,8.01673985,2.557
2007,Male,60-64,131703.0,0.0,0.0,0.0,1362.0,301.0,304.0,3.0,85502.2677087731,8.01673985,2.557
2007,Male,65-69,87570.0,0.0,0.0,0.0,1507.0,208.0,143.0,-65.0,85502.2677087731,8.01673985,2.557
2007,Male,70-74,68877.0,0.0,0.0,0.0,1856.0,93.0,80.0,-13.0,85502.2677087731,8.01673985,2.557
2007,Male,75-79,59963.0,0.0,0.0,0.0,2927.0,38.0,48.0,10.0,85502.2677087731,8.01673985,2.557
2007,Male,80+,75384.0,0.0,0.0,0.0,9743.0,30.0,45.0,15.0,85502.2677087731,8.01673985,2.557
2008,Female,0-4,143573.0,0.0,0.0,0.0,79.0,673.0,2254.0,1581.0,97503.5407803783,7.91507673,2.315
2008,Female,5-9,146175.0,0.0,0.0,0.0,13.0,496.0,1603.0,1107.0,97503.5407803783,7.91507673,2.315
2008,Female,10-14,153002.0,0.0,0.0,0.0,14.0,305.0,1354.0,1049.0,97503.5407803783,7.91507673,2.315
2008,Female,15-19,153434.0,743.0,700.0,1443.0,35.0,817.0,1962.0,1145.0,97503.5407803783,7.91507673,2.315
2008,Female,20-24,139256.0,4529.0,4272.0,8801.0,39.0,2214.0,5507.0,3293.0,97503.5407803783,7.91507673,2.315
2008,Female,25-29,146444.0,9658.0,9107.0,18765.0,56.0,1965.0,6311.0,4346.0,97503.5407803783,7.91507673,2.315
2008,Female,30-34,158255.0,10195.0,9615.0,19810.0,65.0,1168.0,3751.0,2583.0,97503.5407803783,7.91507673,2.315
2008,Female,35-39,177412.0,5112.0,4820.0,9932.0,107.0,774.0,2360.0,1586.0,97503.5407803783,7.91507673,2.315
2008,Female,40-44,170748.0,875.0,826.0,1701.0,144.0,512.0,1481.0,969.0,97503.5407803783,7.91507673,2.315
2008,Female,45-49,157928.0,38.0,35.0,73.0,220.0,334.0,991.0,657.0,97503.5407803783,7.91507673,2.315
2008,Female,50-54,153543.0,0.0,0.0,0.0,383.0,284.0,599.0,315.0,97503.5407803783,7.91507673,2.315
2008,Female,55-59,143518.0,0.0,0.0,0.0,517.0,240.0,353.0,113.0,97503.5407803783,7.91507673,2.315
2008,Female,60-64,137808.0,0.0,0.0,0.0,882.0,258.0,285.0,27.0,97503.5407803783,7.91507673,2.315
2008,Female,65-69,96810.0,0.0,0.0,0.0,964.0,152.0,153.0,1.0,97503.5407803783,7.91507673,2.315
2008,Female,70-74,79750.0,0.0,0.0,0.0,1266.0,72.0,110.0,38.0,97503.5407803783,7.91507673,2.315
2008,Female,75-79,77193.0,0.0,0.0,0.0,2170.0,46.0,54.0,8.0,97503.5407803783,7.91507673,2.315
2008,Female,80+,142632.0,0.0,0.0,0.0,14436.0,42.0,35.0,-7.0,97503.5407803783,7.91507673,2.315
2008,Male,0-4,150230.0,0.0,0.0,0.0,124.0,726.0,2289.0,1563.0,97503.5407803783,7.91507673,2.706
2008,Male,5-9,152786.0,0.0,0.0,0.0,16.0,544.0,1605.0,1061.0,97503.5407803783,7.91507673,2.706
2008,Male,10-14,161611.0,0.0,0.0,0.0,17.0,366.0,1402.0,1036.0,97503.5407803783,7.91507673,2.706
2008,Male,15-19,162135.0,0.0,0.0,0.0,80.0,524.0,1795.0,1271.0,97503.5407803783,7.91507673,2.706
2008,Male,20-24,145319.0,0.0,0.0,0.0,137.0,1953.0,5051.0,3098.0,97503.5407803783,7.91507673,2.706
2008,Male,25-29,149913.0,0.0,0.0,0.0,130.0,2153.0,7510.0,5357.0,97503.5407803783,7.91507673,2.706
2008,Male,30-34,163393.0,0.0,0.0,0.0,128.0,1863.0,5874.0,4011.0,97503.5407803783,7.91507673,2.706
2008,Male,35-39,184876.0,0.0,0.0,0.0,187.0,1397.0,4286.0,2889.0,97503.5407803783,7.91507673,2.706
2008,Male,40-44,180238.0,0.0,0.0,0.0,275.0,1180.0,3216.0,2036.0,97503.5407803783,7.91507673,2.706
2008,Male,45-49,165866.0,0.0,0.0,0.0,369.0,799.0,2183.0,1384.0,97503.5407803783,7.91507673,2.706
2008,Male,50-54,157849.0,0.0,0.0,0.0,589.0,598.0,1326.0,728.0,97503.5407803783,7.91507673,2.706
2008,Male,55-59,149005.0,0.0,0.0,0.0,858.0,429.0,607.0,178.0,97503.5407803783,7.91507673,2.706
2008,Male,60-64,139546.0,0.0,0.0,0.0,1390.0,351.0,279.0,-72.0,97503.5407803783,7.91507673,2.706
2008,Male,65-69,91690.0,0.0,0.0,0.0,1502.0,210.0,174.0,-36.0,97503.5407803783,7.91507673,2.706
2008,Male,70-74,69180.0,0.0,0.0,0.0,1856.0,95.0,97.0,2.0,97503.5407803783,7.91507673,2.706
2008,Male,75-79,60091.0,0.0,0.0,0.0,2893.0,48.0,60.0,12.0,97503.5407803783,7.91507673,2.706
2008,Male,80+,75962.0,0.0,0.0,0.0,9771.0,27.0,44.0,17.0,97503.5407803783,7.91507673,2.706
2009,Female,0-4,145616.0,0.0,0.0,0.0,90.0,763.0,2334.0,1571.0,80347.5700665184,9.03254128,2.603
2009,Female,5-9,146257.0,0.0,0.0,0.0,14.0,622.0,1576.0,954.0,80347.5700665184,9.03254128,2.603
2009,Female,10-14,153129.0,0.0,0.0,0.0,15.0,400.0,1335.0,935.0,80347.5700665184,9.03254128,2.603
2009,Female,15-19,155253.0,766.0,722.0,1488.0,40.0,816.0,2067.0,1251.0,80347.5700665184,9.03254128,2.603
2009,Female,20-24,144342.0,4657.0,4386.0,9043.0,41.0,2489.0,5977.0,3488.0,80347.5700665184,9.03254128,2.603
2009,Female,25-29,148977.0,9911.0,9330.0,19241.0,55.0,2155.0,6366.0,4211.0,80347.5700665184,9.03254128,2.603
2009,Female,30-34,157058.0,10258.0,9660.0,19918.0,59.0,1323.0,3731.0,2408.0,80347.5700665184,9.03254128,2.603
2009,Female,35-39,176590.0,5286.0,4977.0,10263.0,102.0,801.0,2310.0,1509.0,80347.5700665184,9.03254128,2.603
2009,Female,40-44,174486.0,929.0,874.0,1803.0,135.0,541.0,1608.0,1067.0,80347.5700665184,9.03254128,2.603
2009,Female,45-49,159900.0,43.0,40.0,83.0,235.0,362.0,988.0,626.0,80347.5700665184,9.03254128,2.603
2009,Female,50-54,154913.0,0.0,0.0,0.0,413.0,281.0,664.0,383.0,80347.5700665184,9.03254128,2.603
2009,Female,55-59,144216.0,0.0,0.0,0.0,508.0,192.0,408.0,216.0,80347.5700665184,9.03254128,2.603
2009,Female,60-64,142650.0,0.0,0.0,0.0,863.0,235.0,268.0,33.0,80347.5700665184,9.03254128,2.603
2009,Female,65-69,101073.0,0.0,0.0,0.0,974.0,145.0,162.0,17.0,80347.5700665184,9.03254128,2.603
2009,Female,70-74,81531.0,0.0,0.0,0.0,1251.0,47.0,128.0,81.0,80347.5700665184,9.03254128,2.603
2009,Female,75-79,75281.0,0.0,0.0,0.0,2051.0,38.0,74.0,36.0,80347.5700665184,9.03254128,2.603
2009,Female,80+,142927.0,0.0,0.0,0.0,14691.0,39.0,55.0,16.0,80347.5700665184,9.03254128,2.603
2009,Male,0-4,152844.0,0.0,0.0,0.0,139.0,720.0,2458.0,2700.0,80347.5700665184,9.03254128,3.547
2009,Male,5-9,152680.0,0.0,0.0,0.0,18.0,642.0,1764.0,2214.0,80347.5700665184,9.03254128,3.547
2009,Male,10-14,161690.0,0.0,0.0,0.0,15.0,402.0,1567.0,2342.0,80347.5700665184,9.03254128,3.547
2009,Male,15-19,163961.0,0.0,0.0,0.0,86.0,571.0,2335.0,3424.0,80347.5700665184,9.03254128,3.547
2009,Male,20-24,150394.0,0.0,0.0,0.0,112.0,2287.0,4767.0,5228.0,80347.5700665184,9.03254128,3.547
2009,Male,25-29,153607.0,0.0,0.0,0.0,136.0,2628.0,6747.0,8318.0,80347.5700665184,9.03254128,3.547
2009,Male,30-34,162783.0,0.0,0.0,0.0,145.0,2260.0,5153.0,5770.0,80347.5700665184,9.03254128,3.547
2009,Male,35-39,185253.0,0.0,0.0,0.0,194.0,1772.0,3592.0,3682.0,80347.5700665184,9.03254128,3.547
2009,Male,40-44,185346.0,0.0,0.0,0.0,281.0,1206.0,2525.0,2596.0,80347.5700665184,9.03254128,3.547
2009,Male,45-49,168529.0,0.0,0.0,0.0,355.0,970.0,1744.0,1554.0,80347.5700665184,9.03254128,3.547
2009,Male,50-54,160046.0,0.0,0.0,0.0,586.0,753.0,1149.0,828.0,80347.5700665184,9.03254128,3.547
2009,Male,55-59,148909.0,0.0,0.0,0.0,892.0,404.0,588.0,420.0,80347.5700665184,9.03254128,3.547
2009,Male,60-64,145011.0,0.0,0.0,0.0,1387.0,319.0,327.0,94.0,80347.5700665184,9.03254128,3.547
2009,Male,65-69,96896.0,0.0,0.0,0.0,1569.0,214.0,192.0,34.0,80347.5700665184,9.03254128,3.547
2009,Male,70-74,71075.0,0.0,0.0,0.0,1827.0,84.0,115.0,12.0,80347.5700665184,9.03254128,3.547
2009,Male,75-79,59325.0,0.0,0.0,0.0,2676.0,37.0,69.0,22.0,80347.5700665184,9.03254128,3.547
2009,Male,80+,76704.0,0.0,0.0,0.0,9494.0,31.0,43.0,-4.0,80347.5700665184,9.03254128,3.547
2010,Female,0-4,148046.0,0.0,0.0,0.0,91.0,919.0,2586.0,1667.0,88163.2085931423,8.8581152,2.943
2010,Female,5-9,146057.0,0.0,0.0,0.0,14.0,732.0,1644.0,912.0,88163.2085931423,8.8581152,2.943
2010,Female,10-14,153369.0,0.0,0.0,0.0,7.0,431.0,1323.0,892.0,88163.2085931423,8.8581152,2.943
2010,Female,15-19,156284.0,679.0,647.0,1326.0,40.0,1006.0,2393.0,1387.0,88163.2085931423,8.8581152,2.943
2010,Female,20-24,149912.0,4633.0,4417.0,9050.0,54.0,3164.0,7382.0,4218.0,88163.2085931423,8.8581152,2.943
2010,Female,25-29,151363.0,9702.0,9245.0,18947.0,53.0,2739.0,7297.0,4558.0,88163.2085931423,8.8581152,2.943
2010,Female,30-34,156153.0,10256.0,9775.0,20031.0,57.0,1694.0,4013.0,2319.0,88163.2085931423,8.8581152,2.943
2010,Female,35-39,175471.0,5161.0,4919.0,10080.0,86.0,943.0,2384.0,1441.0,88163.2085931423,8.8581152,2.943
2010,Female,40-44,177839.0,991.0,943.0,1934.0,151.0,630.0,1624.0,994.0,88163.2085931423,8.8581152,2.943
2010,Female,45-49,162742.0,54.0,48.0,102.0,224.0,459.0,1086.0,627.0,88163.2085931423,8.8581152,2.943
2010,Female,50-54,156320.0,0.0,0.0,0.0,390.0,369.0,681.0,312.0,88163.2085931423,8.8581152,2.943
2010,Female,55-59,145550.0,0.0,0.0,0.0,549.0,267.0,402.0,135.0,88163.2085931423,8.8581152,2.943
2010,Female,60-64,144346.0,0.0,0.0,0.0,874.0,197.0,262.0,65.0,88163.2085931423,8.8581152,2.943
2010,Female,65-69,107594.0,0.0,0.0,0.0,1052.0,158.0,185.0,27.0,88163.2085931423,8.8581152,2.943
2010,Female,70-74,83901.0,0.0,0.0,0.0,1313.0,88.0,109.0,21.0,88163.2085931423,8.8581152,2.943
2010,Female,75-79,74118.0,0.0,0.0,0.0,2010.0,51.0,66.0,15.0,88163.2085931423,8.8581152,2.943
2010,Female,80+,142382.0,0.0,0.0,0.0,14507.0,39.0,47.0,8.0,88163.2085931423,8.8581152,2.943
2010,Male,0-4,155882.0,0.0,0.0,0.0,110.0,930.0,2603.0,1673.0,88163.2085931423,8.8581152,4.049
2010,Male,5-9,152416.0,0.0,0.0,0.0,14.0,783.0,1713.0,930.0,88163.2085931423,8.8581152,4.049
2010,Male,10-14,161955.0,0.0,0.0,0.0,23.0,480.0,1531.0,1051.0,88163.2085931423,8.8581152,4.049
2010,Male,15-19,165748.0,0.0,0.0,0.0,61.0,742.0,2691.0,1949.0,88163.2085931423,8.8581152,4.049
2010,Male,20-24,155602.0,0.0,0.0,0.0,129.0,2637.0,6319.0,3682.0,88163.2085931423,8.8581152,4.049
2010,Male,25-29,155740.0,0.0,0.0,0.0,147.0,3032.0,8011.0,4979.0,88163.2085931423,8.8581152,4.049
2010,Male,30-34,162005.0,0.0,0.0,0.0,131.0,2602.0,5998.0,3396.0,88163.2085931423,8.8581152,4.049
2010,Male,35-39,183832.0,0.0,0.0,0.0,158.0,1907.0,3983.0,2076.0,88163.2085931423,8.8581152,4.049
2010,Male,40-44,188180.0,0.0,0.0,0.0,252.0,1462.0,2821.0,1359.0,88163.2085931423,8.8581152,4.049
2010,Male,45-49,171934.0,0.0,0.0,0.0,371.0,1070.0,1938.0,868.0,88163.2085931423,8.8581152,4.049
2010,Male,50-54,162279.0,0.0,0.0,0.0,571.0,742.0,1273.0,531.0,88163.2085931423,8.8581152,4.049
2010,Male,55-59,149665.0,0.0,0.0,0.0,874.0,501.0,690.0,189.0,88163.2085931423,8.8581152,4.049
2010,Male,60-64,146836.0,0.0,0.0,0.0,1396.0,326.0,356.0,30.0,88163.2085931423,8.8581152,4.049
2010,Male,65-69,104467.0,0.0,0.0,0.0,1690.0,230.0,210.0,-20.0,88163.2085931423,8.8581152,4.049
2010,Male,70-74,73833.0,0.0,0.0,0.0,1870.0,98.0,114.0,16.0,88163.2085931423,8.8581152,4.049
2010,Male,75-79,58738.0,0.0,0.0,0.0,2632.0,44.0,62.0,18.0,88163.2085931423,8.8581152,4.049
2010,Male,80+,77640.0,0.0,0.0,0.0,9598.0,34.0,55.0,21.0,88163.2085931423,8.8581152,4.049
2011,Female,0-4,150374.0,0.0,0.0,0.0,67.0,964.0,2660.0,1696.0,101221.813476644,8.73474026,2.991
2011,Female,5-9,145827.0,0.0,0.0,0.0,7.0,747.0,1664.0,917.0,101221.813476644,8.73474026,2.991
2011,Female,10-14,153448.0,0.0,0.0,0.0,20.0,516.0,1340.0,824.0,101221.813476644,8.73474026,2.991
2011,Female,15-19,156500.0,576.0,543.0,1119.0,57.0,1012.0,2324.0,1312.0,101221.813476644,8.73474026,2.991
2011,Female,20-24,156763.0,4463.0,4204.0,8667.0,41.0,3773.0,7788.0,4015.0,101221.813476644,8.73474026,2.991
2011,Female,25-29,154261.0,9704.0,9143.0,18847.0,50.0,2968.0,7550.0,4582.0,101221.813476644,8.73474026,2.991
2011,Female,30-34,156786.0,10078.0,9497.0,19575.0,67.0,1738.0,4204.0,2466.0,101221.813476644,8.73474026,2.991
2011,Female,35-39,173902.0,5134.0,4836.0,9970.0,85.0,1073.0,2624.0,1551.0,101221.813476644,8.73474026,2.991
2011,Female,40-44,179727.0,1017.0,957.0,1974.0,128.0,678.0,1811.0,1133.0,101221.813476644,8.73474026,2.991
2011,Female,45-49,166258.0,51.0,47.0,98.0,238.0,485.0,1185.0,700.0,101221.813476644,8.73474026,2.991
2011,Female,50-54,157085.0,0.0,0.0,0.0,357.0,341.0,726.0,385.0,101221.813476644,8.73474026,2.991
2011,Female,55-59,147453.0,0.0,0.0,0.0,580.0,300.0,446.0,146.0,101221.813476644,8.73474026,2.991
2011,Female,60-64,144766.0,0.0,0.0,0.0,845.0,260.0,284.0,24.0,101221.813476644,8.73474026,2.991
2011,Female,65-69,114771.0,0.0,0.0,0.0,1047.0,200.0,202.0,2.0,101221.813476644,8.73474026,2.991
2011,Female,70-74,86441.0,0.0,0.0,0.0,1214.0,111.0,125.0,14.0,101221.813476644,8.73474026,2.991
2011,Female,75-79,72770.0,0.0,0.0,0.0,1959.0,51.0,77.0,26.0,101221.813476644,8.73474026,2.991
2011,Female,80+,142324.0,0.0,0.0,0.0,14562.0,43.0,54.0,11.0,101221.813476644,8.73474026,2.991
2011,Male,0-4,158452.0,0.0,0.0,0.0,109.0,930.0,2800.0,1870.0,101221.813476644,8.73474026,3.381
2011,Male,5-9,151952.0,0.0,0.0,0.0,14.0,803.0,1746.0,943.0,101221.813476644,8.73474026,3.381
2011,Male,10-14,161656.0,0.0,0.0,0.0,14.0,517.0,1496.0,979.0,101221.813476644,8.73474026,3.381
2011,Male,15-19,167124.0,0.0,0.0,0.0,96.0,717.0,2122.0,1405.0,101221.813476644,8.73474026,3.381
2011,Male,20-24,162253.0,0.0,0.0,0.0,131.0,2751.0,6996.0,4245.0,101221.813476644,8.73474026,3.381
2011,Male,25-29,158849.0,0.0,0.0,0.0,121.0,3001.0,8862.0,5861.0,101221.813476644,8.73474026,3.381
2011,Male,30-34,163689.0,0.0,0.0,0.0,158.0,2337.0,6823.0,4486.0,101221.813476644,8.73474026,3.381
2011,Male,35-39,182137.0,0.0,0.0,0.0,182.0,1724.0,4804.0,3080.0,101221.813476644,8.73474026,3.381
2011,Male,40-44,189756.0,0.0,0.0,0.0,255.0,1336.0,3329.0,1993.0,101221.813476644,8.73474026,3.381
2011,Male,45-49,176233.0,0.0,0.0,0.0,405.0,1022.0,2317.0,1295.0,101221.813476644,8.73474026,3.381
2011,Male,50-54,163780.0,0.0,0.0,0.0,543.0,697.0,1510.0,813.0,101221.813476644,8.73474026,3.381
2011,Male,55-59,151389.0,0.0,0.0,0.0,863.0,500.0,812.0,312.0,101221.813476644,8.73474026,3.381
2011,Male,60-64,147642.0,0.0,0.0,0.0,1293.0,388.0,363.0,-25.0,101221.813476644,8.73474026,3.381
2011,Male,65-69,111996.0,0.0,0.0,0.0,1764.0,285.0,223.0,-62.0,101221.813476644,8.73474026,3.381
2011,Male,70-74,77335.0,0.0,0.0,0.0,1936.0,103.0,122.0,19.0,101221.813476644,8.73474026,3.381
2011,Male,75-79,57777.0,0.0,0.0,0.0,2557.0,53.0,68.0,15.0,101221.813476644,8.73474026,3.381
2011,Male,80+,78829.0,0.0,0.0,0.0,9628.0,42.0,41.0,-1.0,101221.813476644,8.73474026,3.381
2012,Female,0-4,151104.0,0.0,0.0,0.0,81.0,906.0,3001.0,2095.0,102175.919298374,8.72188568,2.633
2012,Female,5-9,147344.0,0.0,0.0,0.0,12.0,829.0,1898.0,1069.0,102175.919298374,8.72188568,2.633
2012,Female,10-14,152033.0,0.0,0.0,0.0,19.0,542.0,1432.0,890.0,102175.919298374,8.72188568,2.633
2012,Female,15-19,157162.0,491.0,465.0,956.0,24.0,774.0,2241.0,1467.0,102175.919298374,8.72188568,2.633
2012,Female,20-24,162243.0,4432.0,4200.0,8632.0,32.0,3228.0,7071.0,3843.0,102175.919298374,8.72188568,2.633
2012,Female,25-29,157834.0,9694.0,9188.0,18882.0,40.0,2828.0,7859.0,5031.0,102175.919298374,8.72188568,2.633
2012,Female,30-34,159003.0,10213.0,9682.0,19895.0,46.0,1849.0,4427.0,2578.0,102175.919298374,8.72188568,2.633
2012,Female,35-39,170840.0,5070.0,4803.0,9873.0,82.0,1025.0,2777.0,1752.0,102175.919298374,8.72188568,2.633
2012,Female,40-44,181858.0,992.0,941.0,1933.0,143.0,743.0,1763.0,1020.0,102175.919298374,8.72188568,2.633
2012,Female,45-49,170066.0,57.0,55.0,112.0,232.0,460.0,1121.0,661.0,102175.919298374,8.72188568,2.633
2012,Female,50-54,157553.0,0.0,0.0,0.0,338.0,393.0,769.0,376.0,102175.919298374,8.72188568,2.633
2012,Female,55-59,150838.0,0.0,0.0,0.0,523.0,307.0,478.0,171.0,102175.919298374,8.72188568,2.633
2012,Female,60-64,141462.0,0.0,0.0,0.0,807.0,267.0,303.0,36.0,102175.919298374,8.72188568,2.633
2012,Female,65-69,125538.0,0.0,0.0,0.0,1206.0,200.0,213.0,13.0,102175.919298374,8.72188568,2.633
2012,Female,70-74,88034.0,0.0,0.0,0.0,1396.0,99.0,127.0,28.0,102175.919298374,8.72188568,2.633
2012,Female,75-79,72174.0,0.0,0.0,0.0,1944.0,54.0,79.0,25.0,102175.919298374,8.72188568,2.633
2012,Female,80+,141913.0,0.0,0.0,0.0,14995.0,54.0,53.0,-1.0,102175.919298374,8.72188568,2.633
2012,Male,0-4,159663.0,0.0,0.0,0.0,103.0,1072.0,3096.0,2024.0,102175.919298374,8.72188568,3.57
2012,Male,5-9,153725.0,0.0,0.0,0.0,13.0,893.0,1953.0,1060.0,102175.919298374,8.72188568,3.57
2012,Male,10-14,159706.0,0.0,0.0,0.0,19.0,545.0,1591.0,1046.0,102175.919298374,8.72188568,3.57
2012,Male,15-19,167828.0,0.0,0.0,0.0,50.0,624.0,2199.0,1575.0,102175.919298374,8.72188568,3.57
2012,Male,20-24,168352.0,0.0,0.0,0.0,108.0,2346.0,6033.0,3687.0,102175.919298374,8.72188568,3.57
2012,Male,25-29,164358.0,0.0,0.0,0.0,111.0,2688.0,8712.0,6024.0,102175.919298374,8.72188568,3.57
2012,Male,30-34,166836.0,0.0,0.0,0.0,142.0,2267.0,6839.0,4572.0,102175.919298374,8.72188568,3.57
2012,Male,35-39,180495.0,0.0,0.0,0.0,178.0,1764.0,4621.0,2857.0,102175.919298374,8.72188568,3.57
2012,Male,40-44,191792.0,0.0,0.0,0.0,233.0,1315.0,3035.0,1720.0,102175.919298374,8.72188568,3.57
2012,Male,45-49,181291.0,0.0,0.0,0.0,348.0,1003.0,1945.0,942.0,102175.919298374,8.72188568,3.57
2012,Male,50-54,165360.0,0.0,0.0,0.0,577.0,697.0,1355.0,658.0,102175.919298374,8.72188568,3.57
2012,Male,55-59,154425.0,0.0,0.0,0.0,824.0,525.0,737.0,212.0,102175.919298374,8.72188568,3.57
2012,Male,60-64,144685.0,0.0,0.0,0.0,1334.0,406.0,360.0,-46.0,102175.919298374,8.72188568,3.57
2012,Male,65-69,123568.0,0.0,0.0,0.0,1831.0,276.0,237.0,-39.0,102175.919298374,8.72188568,3.57
2012,Male,70-74,79090.0,0.0,0.0,0.0,1894.0,136.0,107.0,-29.0,102175.919298374,8.72188568,3.57
2012,Male,75-79,58027.0,0.0,0.0,0.0,2454.0,58.0,84.0,26.0,102175.919298374,8.72188568,3.57
2012,Male,80+,79670.0,0.0,0.0,0.0,9853.0,54.0,54.0,0.0,102175.919298374,8.72188568,3.57
2013,Female,0-4,152356.0,0.0,0.0,0.0,95.0,1172.0,2819.0,1647.0,103553.840134417,8.87431335,3.231
2013,Female,5-9,149401.0,0.0,0.0,0.0,10.0,889.0,1920.0,1031.0,103553.840134417,8.87431335,3.231
2013,Female,10-14,150723.0,0.0,0.0,0.0,6.0,564.0,1505.0,941.0,103553.840134417,8.87431335,3.231
2013,Female,15-19,158031.0,459.0,437.0,896.0,31.0,881.0,2114.0,1233.0,103553.840134417,8.87431335,3.231
2013,Female,20-24,165558.0,4109.0,3935.0,8044.0,37.0,3399.0,6631.0,3232.0,103553.840134417,8.87431335,3.231
2013,Female,25-29,162561.0,9598.0,9190.0,18788.0,36.0,3243.0,7881.0,4638.0,103553.840134417,8.87431335,3.231
2013,Female,30-34,162699.0,10095.0,9667.0,19762.0,55.0,2048.0,4426.0,2378.0,103553.840134417,8.87431335,3.231
2013,Female,35-39,167657.0,4850.0,4646.0,9496.0,90.0,1129.0,2695.0,1566.0,103553.840134417,8.87431335,3.231
2013,Female,40-44,183150.0,999.0,956.0,1955.0,149.0,807.0,1729.0,922.0,103553.840134417,8.87431335,3.231
2013,Female,45-49,173930.0,45.0,40.0,85.0,222.0,575.0,1144.0,569.0,103553.840134417,8.87431335,3.231
2013,Female,50-54,158951.0,0.0,0.0,0.0,366.0,413.0,738.0,325.0,103553.840134417,8.87431335,3.231
2013,Female,55-59,152429.0,0.0,0.0,0.0,536.0,348.0,438.0,90.0,103553.840134417,8.87431335,3.231
2013,Female,60-64,140634.0,0.0,0.0,0.0,797.0,281.0,307.0,26.0,103553.840134417,8.87431335,3.231
2013,Female,65-69,132799.0,0.0,0.0,0.0,1240.0,194.0,224.0,30.0,103553.840134417,8.87431335,3.231
2013,Female,70-74,91332.0,0.0,0.0,0.0,1353.0,102.0,125.0,23.0,103553.840134417,8.87431335,3.231
2013,Female,75-79,72068.0,0.0,0.0,0.0,1927.0,62.0,73.0,11.0,103553.840134417,8.87431335,3.231
2013,Female,80+,141088.0,0.0,0.0,0.0,14356.0,45.0,49.0,4.0,103553.840134417,8.87431335,3.231
2013,Male,0-4,160859.0,0.0,0.0,0.0,83.0,1123.0,2996.0,1873.0,103553.840134417,8.87431335,3.598
2013,Male,5-9,156301.0,0.0,0.0,0.0,10.0,928.0,1985.0,1057.0,103553.840134417,8.87431335,3.598
2013,Male,10-14,157744.0,0.0,0.0,0.0,10.0,599.0,1568.0,969.0,103553.840134417,8.87431335,3.598
2013,Male,15-19,168038.0,0.0,0.0,0.0,59.0,634.0,2126.0,1492.0,103553.840134417,8.87431335,3.598
2013,Male,20-24,173489.0,0.0,0.0,0.0,106.0,2531.0,5816.0,3285.0,103553.840134417,8.87431335,3.598
2013,Male,25-29,168872.0,0.0,0.0,0.0,123.0,3361.0,8326.0,4965.0,103553.840134417,8.87431335,3.598
2013,Male,30-34,172270.0,0.0,0.0,0.0,135.0,2774.0,6418.0,3644.0,103553.840134417,8.87431335,3.598
2013,Male,35-39,177910.0,0.0,0.0,0.0,170.0,2061.0,4285.0,2224.0,103553.840134417,8.87431335,3.598
2013,Male,40-44,193902.0,0.0,0.0,0.0,259.0,1618.0,2899.0,1281.0,103553.840134417,8.87431335,3.598
2013,Male,45-49,185288.0,0.0,0.0,0.0,355.0,1314.0,1927.0,613.0,103553.840134417,8.87431335,3.598
2013,Male,50-54,167728.0,0.0,0.0,0.0,536.0,949.0,1157.0,208.0,103553.840134417,8.87431335,3.598
2013,Male,55-59,156168.0,0.0,0.0,0.0,901.0,667.0,601.0,-66.0,103553.840134417,8.87431335,3.598
2013,Male,60-64,144012.0,0.0,0.0,0.0,1250.0,446.0,369.0,-77.0,103553.840134417,8.87431335,3.598
2013,Male,65-69,131173.0,0.0,0.0,0.0,1941.0,308.0,228.0,-80.0,103553.840134417,8.87431335,3.598
2013,Male,70-74,83072.0,0.0,0.0,0.0,1964.0,139.0,149.0,10.0,103553.840134417,8.87431335,3.598
2013,Male,75-79,58585.0,0.0,0.0,0.0,2455.0,58.0,70.0,12.0,103553.840134417,8.87431335,3.598
2013,Male,80+,80497.0,0.0,0.0,0.0,9619.0,54.0,51.0,-3.0,103553.840134417,8.87431335,3.598
2014,Female,0-4,151895.0,0.0,0.0,0.0,74.0,1145.0,2730.0,1585.0,97666.6951838749,9.28297901,3.235
2014,Female,5-9,151585.0,0.0,0.0,0.0,8.0,990.0,1837.0,847.0,97666.6951838749,9.28297901,3.235
2014,Female,10-14,150712.0,0.0,0.0,0.0,6.0,539.0,1411.0,872.0,97666.6951838749,9.28297901,3.235
2014,Female,15-19,157977.0,412.0,390.0,802.0,24.0,692.0,1919.0,1227.0,97666.6951838749,9.28297901,3.235
2014,Female,20-24,166815.0,3856.0,3648.0,7504.0,34.0,2465.0,5681.0,3216.0,97666.6951838749,9.28297901,3.235
2014,Female,25-29,168357.0,9697.0,9169.0,18866.0,32.0,2988.0,7103.0,4115.0,97666.6951838749,9.28297901,3.235
2014,Female,30-34,165373.0,10325.0,9762.0,20087.0,58.0,2069.0,4116.0,2047.0,97666.6951838749,9.28297901,3.235
2014,Female,35-39,166344.0,4983.0,4711.0,9694.0,69.0,1135.0,2479.0,1344.0,97666.6951838749,9.28297901,3.235
2014,Female,40-44,182249.0,1044.0,985.0,2029.0,122.0,740.0,1643.0,903.0,97666.6951838749,9.28297901,3.235
2014,Female,45-49,177676.0,68.0,64.0,132.0,228.0,534.0,1042.0,508.0,97666.6951838749,9.28297901,3.235
2014,Female,50-54,160829.0,0.0,0.0,0.0,372.0,383.0,738.0,355.0,97666.6951838749,9.28297901,3.235
2014,Female,55-59,153835.0,0.0,0.0,0.0,516.0,263.0,407.0,144.0,97666.6951838749,9.28297901,3.235
2014,Female,60-64,141388.0,0.0,0.0,0.0,742.0,218.0,308.0,90.0,97666.6951838749,9.28297901,3.235
2014,Female,65-69,137556.0,0.0,0.0,0.0,1223.0,180.0,223.0,43.0,97666.6951838749,9.28297901,3.235
2014,Female,70-74,95421.0,0.0,0.0,0.0,1318.0,72.0,128.0,56.0,97666.6951838749,9.28297901,3.235
2014,Female,75-79,73808.0,0.0,0.0,0.0,1884.0,43.0,88.0,45.0,97666.6951838749,9.28297901,3.235
2014,Female,80+,139802.0,0.0,0.0,0.0,13978.0,45.0,67.0,22.0,97666.6951838749,9.28297901,3.235
2014,Male,0-4,160017.0,0.0,0.0,0.0,99.0,1273.0,2820.0,1547.0,97666.6951838749,9.28297901,3.71
2014,Male,5-9,159165.0,0.0,0.0,0.0,17.0,1003.0,1892.0,889.0,97666.6951838749,9.28297901,3.71
2014,Male,10-14,157471.0,0.0,0.0,0.0,15.0,561.0,1515.0,954.0,97666.6951838749,9.28297901,3.71
2014,Male,15-19,167828.0,0.0,0.0,0.0,44.0,513.0,2137.0,1624.0,97666.6951838749,9.28297901,3.71
2014,Male,20-24,175613.0,0.0,0.0,0.0,101.0,1845.0,5156.0,3311.0,97666.6951838749,9.28297901,3.71
2014,Male,25-29,173979.0,0.0,0.0,0.0,128.0,2811.0,7741.0,4930.0,97666.6951838749,9.28297901,3.71
2014,Male,30-34,175690.0,0.0,0.0,0.0,135.0,2565.0,5803.0,3238.0,97666.6951838749,9.28297901,3.71
2014,Male,35-39,176984.0,0.0,0.0,0.0,181.0,1937.0,4040.0,2103.0,97666.6951838749,9.28297901,3.71
2014,Male,40-44,193557.0,0.0,0.0,0.0,223.0,1479.0,2672.0,1193.0,97666.6951838749,9.28297901,3.71
2014,Male,45-49,189552.0,0.0,0.0,0.0,349.0,1106.0,1824.0,718.0,97666.6951838749,9.28297901,3.71
2014,Male,50-54,169626.0,0.0,0.0,0.0,540.0,840.0,1092.0,252.0,97666.6951838749,9.28297901,3.71
2014,Male,55-59,158084.0,0.0,0.0,0.0,781.0,568.0,630.0,62.0,97666.6951838749,9.28297901,3.71
2014,Male,60-64,143897.0,0.0,0.0,0.0,1193.0,383.0,317.0,-66.0,97666.6951838749,9.28297901,3.71
2014,Male,65-69,136419.0,0.0,0.0,0.0,1863.0,287.0,218.0,-69.0,97666.6951838749,9.28297901,3.71
2014,Male,70-74,88052.0,0.0,0.0,0.0,2059.0,127.0,106.0,-21.0,97666.6951838749,9.28297901,3.71
2014,Male,75-79,60542.0,0.0,0.0,0.0,2440.0,38.0,84.0,46.0,97666.6951838749,9.28297901,3.71
2014,Male,80+,80958.0,0.0,0.0,0.0,9538.0,38.0,63.0,25.0,97666.6951838749,9.28297901,3.71
2015,Female,0-4,150308.0,0.0,0.0,0.0,71.0,1281.0,2547.0,1266.0,74809.9658049898,10.06992245,3.999
2015,Female,5-9,154127.0,0.0,0.0,0.0,2.0,1088.0,2025.0,937.0,74809.9658049898,10.06992245,3.999
2015,Female,10-14,150549.0,0.0,0.0,0.0,10.0,581.0,1618.0,1037.0,74809.9658049898,10.06992245,3.999
2015,Female,15-19,158278.0,379.0,356.0,735.0,22.0,774.0,1953.0,1179.0,74809.9658049898,10.06992245,3.999
2015,Female,20-24,167257.0,3635.0,3435.0,7070.0,35.0,2915.0,5171.0,2256.0,74809.9658049898,10.06992245,3.999
2015,Female,25-29,173546.0,9925.0,9377.0,19302.0,56.0,3709.0,6904.0,3195.0,74809.9658049898,10.06992245,3.999
2015,Female,30-34,167907.0,10221.0,9656.0,19877.0,51.0,2505.0,3984.0,1479.0,74809.9658049898,10.06992245,3.999
2015,Female,35-39,165215.0,5116.0,4834.0,9950.0,78.0,1373.0,2502.0,1129.0,74809.9658049898,10.06992245,3.999
2015,Female,40-44,181192.0,1031.0,975.0,2006.0,120.0,850.0,1684.0,834.0,74809.9658049898,10.06992245,3.999
2015,Female,45-49,180774.0,74.0,69.0,143.0,210.0,604.0,1086.0,482.0,74809.9658049898,10.06992245,3.999
2015,Female,50-54,163707.0,0.0,0.0,0.0,321.0,447.0,676.0,229.0,74809.9658049898,10.06992245,3.999
2015,Female,55-59,155254.0,0.0,0.0,0.0,524.0,350.0,418.0,68.0,74809.9658049898,10.06992245,3.999
2015,Female,60-64,142764.0,0.0,0.0,0.0,749.0,292.0,279.0,-13.0,74809.9658049898,10.06992245,3.999
2015,Female,65-69,139283.0,0.0,0.0,0.0,1135.0,208.0,220.0,12.0,74809.9658049898,10.06992245,3.999
2015,Female,70-74,101758.0,0.0,0.0,0.0,1457.0,93.0,153.0,60.0,74809.9658049898,10.06992245,3.999
2015,Female,75-79,76146.0,0.0,0.0,0.0,1960.0,50.0,69.0,19.0,74809.9658049898,10.06992245,3.999
2015,Female,80+,138913.0,0.0,0.0,0.0,14186.0,34.0,53.0,19.0,74809.9658049898,10.06992245,3.999
2015,Male,0-4,158290.0,0.0,0.0,0.0,100.0,1408.0,2655.0,1247.0,74809.9658049898,10.06992245,4.56
2015,Male,5-9,162108.0,0.0,0.0,0.0,8.0,1113.0,2091.0,978.0,74809.9658049898,10.06992245,4.56
2015,Male,10-14,157011.0,0.0,0.0,0.0,12.0,560.0,1809.0,1249.0,74809.9658049898,10.06992245,4.56
2015,Male,15-19,168228.0,0.0,0.0,0.0,48.0,558.0,2450.0,1892.0,74809.9658049898,10.06992245,4.56
2015,Male,20-24,176820.0,0.0,0.0,0.0,95.0,2245.0,4747.0,2502.0,74809.9658049898,10.06992245,4.56
2015,Male,25-29,179774.0,0.0,0.0,0.0,116.0,3426.0,7016.0,3590.0,74809.9658049898,10.06992245,4.56
2015,Male,30-34,178443.0,0.0,0.0,0.0,126.0,3052.0,5204.0,2152.0,74809.9658049898,10.06992245,4.56
2015,Male,35-39,176828.0,0.0,0.0,0.0,125.0,2314.0,3615.0,1301.0,74809.9658049898,10.06992245,4.56
2015,Male,40-44,192531.0,0.0,0.0,0.0,232.0,1667.0,2386.0,719.0,74809.9658049898,10.06992245,4.56
2015,Male,45-49,192502.0,0.0,0.0,0.0,333.0,1281.0,1572.0,291.0,74809.9658049898,10.06992245,4.56
2015,Male,50-54,172907.0,0.0,0.0,0.0,518.0,984.0,996.0,12.0,74809.9658049898,10.06992245,4.56
2015,Male,55-59,160450.0,0.0,0.0,0.0,775.0,709.0,567.0,-142.0,74809.9658049898,10.06992245,4.56
2015,Male,60-64,144730.0,0.0,0.0,0.0,1156.0,466.0,314.0,-152.0,74809.9658049898,10.06992245,4.56
2015,Male,65-69,138419.0,0.0,0.0,0.0,1810.0,327.0,213.0,-114.0,74809.9658049898,10.06992245,4.56
2015,Male,70-74,95105.0,0.0,0.0,0.0,2157.0,125.0,147.0,22.0,74809.9658049898,10.06992245,4.56
2015,Male,75-79,63154.0,0.0,0.0,0.0,2441.0,55.0,94.0,39.0,74809.9658049898,10.06992245,4.56
2015,Male,80+,81524.0,0.0,0.0,0.0,9688.0,30.0,58.0,28.0,74809.9658049898,10.06992245,4.56
2016,Female,0-4,148675.0,0.0,0.0,0.0,72.0,1410.0,2598.0,1188.0,70867.3609970749,10.53049755,3.912
2016,Female,5-9,156440.0,0.0,0.0,0.0,6.0,1202.0,2159.0,957.0,70867.3609970749,10.53049755,3.912
2016,Female,10-14,150491.0,0.0,0.0,0.0,10.0,635.0,1652.0,1017.0,70867.3609970749,10.53049755,3.912
2016,Female,15-19,158463.0,319.0,299.0,618.0,33.0,809.0,1926.0,1117.0,70867.3609970749,10.53049755,3.912
2016,Female,20-24,166015.0,3385.0,3176.0,6561.0,38.0,2753.0,4905.0,2152.0,70867.3609970749,10.53049755,3.912
2016,Female,25-29,178175.0,9929.0,9314.0,19243.0,47.0,3823.0,6400.0,2577.0,70867.3609970749,10.53049755,3.912
2016,Female,30-34,169946.0,10537.0,9885.0,20422.0,59.0,2827.0,3993.0,1166.0,70867.3609970749,10.53049755,3.912
2016,Female,35-39,165634.0,5079.0,4766.0,9845.0,75.0,1600.0,2577.0,977.0,70867.3609970749,10.53049755,3.912
2016,Female,40-44,179503.0,1074.0,1007.0,2081.0,122.0,966.0,1636.0,670.0,70867.3609970749,10.53049755,3.912
2016,Female,45-49,182590.0,72.0,66.0,138.0,194.0,641.0,1061.0,420.0,70867.3609970749,10.53049755,3.912
2016,Female,50-54,167144.0,0.0,0.0,0.0,338.0,480.0,751.0,271.0,70867.3609970749,10.53049755,3.912
2016,Female,55-59,156037.0,0.0,0.0,0.0,511.0,365.0,474.0,109.0,70867.3609970749,10.53049755,3.912
2016,Female,60-64,144666.0,0.0,0.0,0.0,770.0,266.0,313.0,47.0,70867.3609970749,10.53049755,3.912
2016,Female,65-69,139857.0,0.0,0.0,0.0,1232.0,215.0,251.0,36.0,70867.3609970749,10.53049755,3.912
2016,Female,70-74,108641.0,0.0,0.0,0.0,1533.0,101.0,176.0,75.0,70867.3609970749,10.53049755,3.912
2016,Female,75-79,78606.0,0.0,0.0,0.0,1986.0,54.0,112.0,58.0,70867.3609970749,10.53049755,3.912
2016,Female,80+,137991.0,0.0,0.0,0.0,14017.0,42.0,82.0,40.0,70867.3609970749,10.53049755,3.912
2016,Male,0-4,156720.0,0.0,0.0,0.0,81.0,1619.0,2908.0,1289.0,70867.3609970749,10.53049755,5.362
2016,Male,5-9,164741.0,0.0,0.0,0.0,6.0,1281.0,2323.0,1042.0,70867.3609970749,10.53049755,5.362
2016,Male,10-14,156888.0,0.0,0.0,0.0,20.0,644.0,2241.0,1597.0,70867.3609970749,10.53049755,5.362
2016,Male,15-19,168361.0,0.0,0.0,0.0,51.0,576.0,3308.0,2732.0,70867.3609970749,10.53049755,5.362
2016,Male,20-24,176819.0,0.0,0.0,0.0,81.0,1941.0,4663.0,2722.0,70867.3609970749,10.53049755,5.362
2016,Male,25-29,184332.0,0.0,0.0,0.0,113.0,3506.0,6389.0,2883.0,70867.3609970749,10.53049755,5.362
2016,Male,30-34,180196.0,0.0,0.0,0.0,145.0,3575.0,4790.0,1215.0,70867.3609970749,10.53049755,5.362
2016,Male,35-39,177891.0,0.0,0.0,0.0,161.0,2821.0,3270.0,449.0,70867.3609970749,10.53049755,5.362
2016,Male,40-44,190513.0,0.0,0.0,0.0,208.0,2065.0,2183.0,118.0,70867.3609970749,10.53049755,5.362
2016,Male,45-49,193681.0,0.0,0.0,0.0,346.0,1412.0,1373.0,-39.0,70867.3609970749,10.53049755,5.362
2016,Male,50-54,176799.0,0.0,0.0,0.0,527.0,1140.0,884.0,-256.0,70867.3609970749,10.53049755,5.362
2016,Male,55-59,161747.0,0.0,0.0,0.0,760.0,786.0,556.0,-230.0,70867.3609970749,10.53049755,5.362
2016,Male,60-64,146418.0,0.0,0.0,0.0,1170.0,568.0,313.0,-255.0,70867.3609970749,10.53049755,5.362
2016,Male,65-69,139370.0,0.0,0.0,0.0,1836.0,365.0,236.0,-129.0,70867.3609970749,10.53049755,5.362
2016,Male,70-74,102294.0,0.0,0.0,0.0,2259.0,129.0,132.0,3.0,70867.3609970749,10.53049755,5.362
2016,Male,75-79,66307.0,0.0,0.0,0.0,2398.0,59.0,85.0,26.0,70867.3609970749,10.53049755,5.362
2016,Male,80+,82034.0,0.0,0.0,0.0,9521.0,48.0,80.0,32.0,70867.3609970749,10.53049755,5.362
2017,Female,0-4,147636.0,0.0,0.0,0.0,75.0,1373.0,2647.0,1274.0,76131.8384032764,10.22983646,3.696
2017,Female,5-9,157062.0,0.0,0.0,0.0,11.0,1127.0,1935.0,808.0,76131.8384032764,10.22983646,3.696
2017,Female,10-14,152249.0,0.0,0.0,0.0,14.0,661.0,1434.0,773.0,76131.8384032764,10.22983646,3.696
2017,Female,15-19,157060.0,243.0,229.0,472.0,24.0,644.0,1630.0,986.0,76131.8384032764,10.22983646,3.696
2017,Female,20-24,165743.0,2959.0,2784.0,5743.0,25.0,2326.0,4284.0,1958.0,76131.8384032764,10.22983646,3.696
2017,Female,25-29,180859.0,9628.0,9063.0,18691.0,48.0,3380.0,5996.0,2616.0,76131.8384032764,10.22983646,3.696
2017,Female,30-34,172234.0,10334.0,9727.0,20061.0,49.0,2585.0,3663.0,1078.0,76131.8384032764,10.22983646,3.696
2017,Female,35-39,167065.0,4905.0,4615.0,9520.0,76.0,1508.0,2466.0,958.0,76131.8384032764,10.22983646,3.696
2017,Female,40-44,176108.0,1046.0,984.0,2030.0,118.0,894.0,1517.0,623.0,76131.8384032764,10.22983646,3.696
2017,Female,45-49,184418.0,71.0,67.0,138.0,214.0,602.0,952.0,350.0,76131.8384032764,10.22983646,3.696
2017,Female,50-54,170752.0,0.0,0.0,0.0,328.0,473.0,653.0,180.0,76131.8384032764,10.22983646,3.696
2017,Female,55-59,156456.0,0.0,0.0,0.0,468.0,340.0,413.0,73.0,76131.8384032764,10.22983646,3.696
2017,Female,60-64,148103.0,0.0,0.0,0.0,715.0,273.0,295.0,22.0,76131.8384032764,10.22983646,3.696
2017,Female,65-69,136749.0,0.0,0.0,0.0,1156.0,226.0,212.0,-14.0,76131.8384032764,10.22983646,3.696
2017,Female,70-74,118995.0,0.0,0.0,0.0,1786.0,115.0,131.0,16.0,76131.8384032764,10.22983646,3.696
2017,Female,75-79,80077.0,0.0,0.0,0.0,2003.0,47.0,106.0,59.0,76131.8384032764,10.22983646,3.696
2017,Female,80+,137621.0,0.0,0.0,0.0,14015.0,55.0,71.0,16.0,76131.8384032764,10.22983646,3.696
2017,Male,0-4,155857.0,0.0,0.0,0.0,88.0,1510.0,2736.0,1226.0,76131.8384032764,10.22983646,4.582
2017,Male,5-9,165749.0,0.0,0.0,0.0,9.0,1240.0,2050.0,810.0,76131.8384032764,10.22983646,4.582
2017,Male,10-14,159157.0,0.0,0.0,0.0,12.0,663.0,1709.0,1046.0,76131.8384032764,10.22983646,4.582
2017,Male,15-19,167960.0,0.0,0.0,0.0,51.0,553.0,2132.0,1579.0,76131.8384032764,10.22983646,4.582
2017,Male,20-24,177559.0,0.0,0.0,0.0,116.0,1622.0,3338.0,1716.0,76131.8384032764,10.22983646,4.582
2017,Male,25-29,187079.0,0.0,0.0,0.0,103.0,2946.0,5298.0,2352.0,76131.8384032764,10.22983646,4.582
2017,Male,30-34,182649.0,0.0,0.0,0.0,118.0,3107.0,4284.0,1177.0,76131.8384032764,10.22983646,4.582
2017,Male,35-39,178077.0,0.0,0.0,0.0,128.0,2544.0,2921.0,377.0,76131.8384032764,10.22983646,4.582
2017,Male,40-44,186902.0,0.0,0.0,0.0,178.0,1878.0,1880.0,2.0,76131.8384032764,10.22983646,4.582
2017,Male,45-49,194302.0,0.0,0.0,0.0,302.0,1381.0,1337.0,-44.0,76131.8384032764,10.22983646,4.582
2017,Male,50-54,180770.0,0.0,0.0,0.0,492.0,979.0,822.0,-157.0,76131.8384032764,10.22983646,4.582
2017,Male,55-59,162575.0,0.0,0.0,0.0,765.0,680.0,487.0,-193.0,76131.8384032764,10.22983646,4.582
2017,Male,60-64,149114.0,0.0,0.0,0.0,1109.0,507.0,287.0,-220.0,76131.8384032764,10.22983646,4.582
2017,Male,65-69,136705.0,0.0,0.0,0.0,1741.0,356.0,202.0,-154.0,76131.8384032764,10.22983646,4.582
2017,Male,70-74,113064.0,0.0,0.0,0.0,2305.0,138.0,138.0,0.0,76131.8384032764,10.22983646,4.582
2017,Male,75-79,68252.0,0.0,0.0,0.0,2515.0,61.0,95.0,34.0,76131.8384032764,10.22983646,4.582
2017,Male,80+,83359.0,0.0,0.0,0.0,9617.0,49.0,71.0,22.0,76131.8384032764,10.22983646,4.582
2018,Female,0-4,145662.0,0.0,0.0,0.0,65.0,1302.0,1997.0,695.0,82792.8427113304,9.96037865,3.539
2018,Female,5-9,157476.0,0.0,0.0,0.0,7.0,1157.0,1447.0,290.0,82792.8427113304,9.96037865,3.539
2018,Female,10-14,154087.0,0.0,0.0,0.0,15.0,636.0,1235.0,599.0,82792.8427113304,9.96037865,3.539
2018,Female,15-19,155784.0,207.0,193.0,400.0,24.0,670.0,1473.0,803.0,82792.8427113304,9.96037865,3.539
2018,Female,20-24,165391.0,2772.0,2604.0,5376.0,22.0,1920.0,3842.0,1922.0,82792.8427113304,9.96037865,3.539
2018,Female,25-29,182022.0,9142.0,8583.0,17725.0,44.0,3084.0,5685.0,2601.0,82792.8427113304,9.96037865,3.539
2018,Female,30-34,174716.0,10417.0,9780.0,20197.0,47.0,2415.0,3459.0,1044.0,82792.8427113304,9.96037865,3.539
2018,Female,35-39,169679.0,4847.0,4553.0,9400.0,74.0,1524.0,2240.0,716.0,82792.8427113304,9.96037865,3.539
2018,Female,40-44,172196.0,973.0,914.0,1887.0,117.0,877.0,1527.0,650.0,82792.8427113304,9.96037865,3.539
2018,Female,45-49,185474.0,79.0,73.0,152.0,205.0,554.0,944.0,390.0,82792.8427113304,9.96037865,3.539
2018,Female,50-54,174460.0,0.0,0.0,0.0,312.0,440.0,630.0,190.0,82792.8427113304,9.96037865,3.539
2018,Female,55-59,157786.0,0.0,0.0,0.0,492.0,329.0,417.0,88.0,82792.8427113304,9.96037865,3.539
2018,Female,60-64,149615.0,0.0,0.0,0.0,745.0,295.0,290.0,-5.0,82792.8427113304,9.96037865,3.539
2018,Female,65-69,136042.0,0.0,0.0,0.0,1124.0,185.0,217.0,32.0,82792.8427113304,9.96037865,3.539
2018,Female,70-74,125788.0,0.0,0.0,0.0,1705.0,89.0,143.0,54.0,82792.8427113304,9.96037865,3.539
2018,Female,75-79,83370.0,0.0,0.0,0.0,2088.0,49.0,95.0,46.0,82792.8427113304,9.96037865,3.539
2018,Female,80+,137700.0,0.0,0.0,0.0,13884.0,48.0,67.0,19.0,82792.8427113304,9.96037865,3.539
2018,Male,0-4,153917.0,0.0,0.0,0.0,77.0,1414.0,2149.0,735.0,82792.8427113304,9.96037865,4.034
2018,Male,5-9,166196.0,0.0,0.0,0.0,11.0,1182.0,1596.0,414.0,82792.8427113304,9.96037865,4.034
2018,Male,10-14,161596.0,0.0,0.0,0.0,16.0,590.0,1370.0,780.0,82792.8427113304,9.96037865,4.034
2018,Male,15-19,166175.0,0.0,0.0,0.0,43.0,505.0,1435.0,930.0,82792.8427113304,9.96037865,4.034
2018,Male,20-24,176979.0,0.0,0.0,0.0,103.0,1295.0,2852.0,1557.0,82792.8427113304,9.96037865,4.034
2018,Male,25-29,189553.0,0.0,0.0,0.0,119.0,2578.0,4893.0,2315.0,82792.8427113304,9.96037865,4.034
2018,Male,30-34,183675.0,0.0,0.0,0.0,133.0,2971.0,4086.0,1115.0,82792.8427113304,9.96037865,4.034
2018,Male,35-39,180314.0,0.0,0.0,0.0,168.0,2476.0,2887.0,411.0,82792.8427113304,9.96037865,4.034
2018,Male,40-44,182198.0,0.0,0.0,0.0,197.0,1849.0,1957.0,108.0,82792.8427113304,9.96037865,4.034
2018,Male,45-49,195200.0,0.0,0.0,0.0,304.0,1311.0,1370.0,59.0,82792.8427113304,9.96037865,4.034
2018,Male,50-54,184083.0,0.0,0.0,0.0,480.0,937.0,840.0,-97.0,82792.8427113304,9.96037865,4.034
2018,Male,55-59,164396.0,0.0,0.0,0.0,751.0,687.0,531.0,-156.0,82792.8427113304,9.96037865,4.034
2018,Male,60-64,150564.0,0.0,0.0,0.0,1117.0,511.0,297.0,-214.0,82792.8427113304,9.96037865,4.034
2018,Male,65-69,136101.0,0.0,0.0,0.0,1641.0,301.0,212.0,-89.0,82792.8427113304,9.96037865,4.034
2018,Male,70-74,120283.0,0.0,0.0,0.0,2444.0,115.0,139.0,24.0,82792.8427113304,9.96037865,4.034
2018,Male,75-79,72089.0,0.0,0.0,0.0,2680.0,47.0,86.0,39.0,82792.8427113304,9.96037865,4.034
2018,Male,80+,85052.0,0.0,0.0,0.0,9586.0,39.0,77.0,38.0,82792.8427113304,9.96037865,4.034
2019,Female,0-4,143011.0,0.0,0.0,0.0,56.0,1066.0,1943.0,877.0,76430.5889473338,10.43807507,3.392
2019,Female,5-9,155970.0,0.0,0.0,0.0,7.0,929.0,1430.0,501.0,76430.5889473338,10.43807507,3.392
2019,Female,10-14,155981.0,0.0,0.0,0.0,15.0,569.0,1214.0,645.0,76430.5889473338,10.43807507,3.392
2019,Female,15-19,155334.0,183.0,172.0,355.0,24.0,583.0,1322.0,739.0,76430.5889473338,10.43807507,3.392
2019,Female,20-24,164895.0,2441.0,2302.0,4743.0,49.0,1891.0,3578.0,1687.0,76430.5889473338,10.43807507,3.392
2019,Female,25-29,181578.0,8750.0,8254.0,17004.0,38.0,2409.0,5619.0,3210.0,76430.5889473338,10.43807507,3.392
2019,Female,30-34,178708.0,10529.0,9934.0,20463.0,64.0,1971.0,3727.0,1756.0,76430.5889473338,10.43807507,3.392
2019,Female,35-39,170931.0,5018.0,4735.0,9753.0,64.0,1221.0,2289.0,1068.0,76430.5889473338,10.43807507,3.392
2019,Female,40-44,170461.0,1047.0,988.0,2035.0,98.0,756.0,1462.0,706.0,76430.5889473338,10.43807507,3.392
2019,Female,45-49,184354.0,83.0,79.0,162.0,194.0,494.0,1032.0,538.0,76430.5889473338,10.43807507,3.392
2019,Female,50-54,178097.0,0.0,0.0,0.0,325.0,353.0,589.0,236.0,76430.5889473338,10.43807507,3.392
2019,Female,55-59,159560.0,0.0,0.0,0.0,449.0,263.0,327.0,64.0,76430.5889473338,10.43807507,3.392
2019,Female,60-64,151153.0,0.0,0.0,0.0,724.0,256.0,240.0,-16.0,76430.5889473338,10.43807507,3.392
2019,Female,65-69,136879.0,0.0,0.0,0.0,1052.0,207.0,167.0,-40.0,76430.5889473338,10.43807507,3.392
2019,Female,70-74,130391.0,0.0,0.0,0.0,1831.0,87.0,124.0,37.0,76430.5889473338,10.43807507,3.392
2019,Female,75-79,87319.0,0.0,0.0,0.0,2159.0,30.0,72.0,42.0,76430.5889473338,10.43807507,3.392
2019,Female,80+,138517.0,0.0,0.0,0.0,13556.0,36.0,80.0,44.0,76430.5889473338,10.43807507,3.392
2019,Male,0-4,151852.0,0.0,0.0,0.0,87.0,1163.0,2070.0,907.0,76430.5889473338,10.43807507,3.943
2019,Male,5-9,164083.0,0.0,0.0,0.0,14.0,1075.0,1489.0,414.0,76430.5889473338,10.43807507,3.943
2019,Male,10-14,164061.0,0.0,0.0,0.0,13.0,576.0,1286.0,710.0,76430.5889473338,10.43807507,3.943
2019,Male,15-19,165165.0,0.0,0.0,0.0,59.0,481.0,1299.0,818.0,76430.5889473338,10.43807507,3.943
2019,Male,20-24,176336.0,0.0,0.0,0.0,107.0,1224.0,2804.0,1580.0,76430.5889473338,10.43807507,3.943
2019,Male,25-29,189610.0,0.0,0.0,0.0,120.0,1797.0,4878.0,3081.0,76430.5889473338,10.43807507,3.943
2019,Male,30-34,186264.0,0.0,0.0,0.0,113.0,1873.0,4425.0,2552.0,76430.5889473338,10.43807507,3.943
2019,Male,35-39,181466.0,0.0,0.0,0.0,154.0,1647.0,3097.0,1450.0,76430.5889473338,10.43807507,3.943
2019,Male,40-44,179750.0,0.0,0.0,0.0,203.0,1187.0,2071.0,884.0,76430.5889473338,10.43807507,3.943
2019,Male,45-49,194074.0,0.0,0.0,0.0,291.0,755.0,1396.0,641.0,76430.5889473338,10.43807507,3.943
2019,Male,50-54,187947.0,0.0,0.0,0.0,478.0,623.0,895.0,272.0,76430.5889473338,10.43807507,3.943
2019,Male,55-59,166140.0,0.0,0.0,0.0,727.0,438.0,509.0,71.0,76430.5889473338,10.43807507,3.943
2019,Male,60-64,152590.0,0.0,0.0,0.0,1140.0,360.0,265.0,-95.0,76430.5889473338,10.43807507,3.943
2019,Male,65-69,136125.0,0.0,0.0,0.0,1598.0,288.0,182.0,-106.0,76430.5889473338,10.43807507,3.943
2019,Male,70-74,125400.0,0.0,0.0,0.0,2505.0,133.0,116.0,-17.0,76430.5889473338,10.43807507,3.943
2019,Male,75-79,76728.0,0.0,0.0,0.0,2719.0,50.0,87.0,37.0,76430.5889473338,10.43807507,3.943
2019,Male,80+,87482.0,0.0,0.0,0.0,9651.0,35.0,69.0,34.0,76430.5889473338,10.43807507,3.943
2020,Female,0-4,140650.0,0.0,0.0,0.0,43.0,993.0,1303.0,310.0,68340.0181033702,11.42416382,4.133
2020,Female,5-9,153716.0,0.0,0.0,0.0,10.0,902.0,1004.0,102.0,68340.0181033702,11.42416382,4.133
2020,Female,10-14,158181.0,0.0,0.0,0.0,20.0,489.0,860.0,371.0,68340.0181033702,11.42416382,4.133
2020,Female,15-19,154904.0,134.0,127.0,261.0,25.0,487.0,977.0,490.0,68340.0181033702,11.42416382,4.133
2020,Female,20-24,164356.0,2136.0,2045.0,4181.0,31.0,1550.0,2335.0,785.0,68340.0181033702,11.42416382,4.133
2020,Female,25-29,181225.0,8293.0,7943.0,16236.0,49.0,2428.0,4139.0,1711.0,68340.0181033702,11.42416382,4.133
2020,Female,30-34,183172.0,10441.0,9997.0,20438.0,53.0,2108.0,2706.0,598.0,68340.0181033702,11.42416382,4.133
2020,Female,35-39,172955.0,4980.0,4768.0,9748.0,81.0,1345.0,1691.0,346.0,68340.0181033702,11.42416382,4.133
2020,Female,40-44,168825.0,1018.0,976.0,1994.0,110.0,711.0,1195.0,484.0,68340.0181033702,11.42416382,4.133
2020,Female,45-49,183317.0,71.0,69.0,140.0,213.0,456.0,766.0,310.0,68340.0181033702,11.42416382,4.133
2020,Female,50-54,181154.0,0.0,0.0,0.0,320.0,331.0,479.0,148.0,68340.0181033702,11.42416382,4.133
2020,Female,55-59,162467.0,0.0,0.0,0.0,430.0,260.0,309.0,49.0,68340.0181033702,11.42416382,4.133
2020,Female,60-64,152407.0,0.0,0.0,0.0,701.0,239.0,203.0,-36.0,68340.0181033702,11.42416382,4.133
2020,Female,65-69,138228.0,0.0,0.0,0.0,1046.0,184.0,130.0,-54.0,68340.0181033702,11.42416382,4.133
2020,Female,70-74,132052.0,0.0,0.0,0.0,1832.0,86.0,102.0,16.0,68340.0181033702,11.42416382,4.133
2020,Female,75-79,93133.0,0.0,0.0,0.0,2155.0,33.0,78.0,45.0,68340.0181033702,11.42416382,4.133
2020,Female,80+,140276.0,0.0,0.0,0.0,13449.0,37.0,80.0,43.0,68340.0181033702,11.42416382,4.133
2020,Male,0-4,149413.0,0.0,0.0,0.0,71.0,1018.0,1401.0,383.0,68340.0181033702,11.42416382,4.681
2020,Male,5-9,161579.0,0.0,0.0,0.0,7.0,976.0,1076.0,100.0,68340.0181033702,11.42416382,4.681
2020,Male,10-14,166588.0,0.0,0.0,0.0,12.0,548.0,972.0,424.0,68340.0181033702,11.42416382,4.681
2020,Male,15-19,163718.0,0.0,0.0,0.0,66.0,518.0,1001.0,483.0,68340.0181033702,11.42416382,4.681
2020,Male,20-24,176473.0,0.0,0.0,0.0,84.0,1072.0,1743.0,671.0,68340.0181033702,11.42416382,4.681
2020,Male,25-29,189698.0,0.0,0.0,0.0,122.0,1814.0,3664.0,1850.0,68340.0181033702,11.42416382,4.681
2020,Male,30-34,191052.0,0.0,0.0,0.0,127.0,2095.0,3164.0,1069.0,68340.0181033702,11.42416382,4.681
2020,Male,35-39,183368.0,0.0,0.0,0.0,144.0,1930.0,2313.0,383.0,68340.0181033702,11.42416382,4.681
2020,Male,40-44,178690.0,0.0,0.0,0.0,204.0,1329.0,1477.0,148.0,68340.0181033702,11.42416382,4.681
2020,Male,45-49,192831.0,0.0,0.0,0.0,316.0,960.0,1111.0,151.0,68340.0181033702,11.42416382,4.681
2020,Male,50-54,190777.0,0.0,0.0,0.0,452.0,607.0,705.0,98.0,68340.0181033702,11.42416382,4.681
2020,Male,55-59,169432.0,0.0,0.0,0.0,721.0,444.0,430.0,-14.0,68340.0181033702,11.42416382,4.681
2020,Male,60-64,154816.0,0.0,0.0,0.0,1047.0,338.0,251.0,-87.0,68340.0181033702,11.42416382,4.681
2020,Male,65-69,137044.0,0.0,0.0,0.0,1617.0,286.0,155.0,-131.0,68340.0181033702,11.42416382,4.681
2020,Male,70-74,127400.0,0.0,0.0,0.0,2481.0,93.0,121.0,28.0,68340.0181033702,11.42416382,4.681
2020,Male,75-79,83249.0,0.0,0.0,0.0,2819.0,47.0,69.0,22.0,68340.0181033702,11.42416382,4.681
2020,Male,80+,90434.0,0.0,0.0,0.0,9753.0,30.0,65.0,35.0,68340.0181033702,11.42416382,4.681
2021,Female,0-4,137359.0,0.0,0.0,0.0,50.0,1024.0,1786.0,762.0,93072.8925119571,9.8142643,4.119
2021,Female,5-9,151290.0,0.0,0.0,0.0,4.0,1087.0,1407.0,320.0,93072.8925119571,9.8142643,4.119
2021,Female,10-14,159686.0,0.0,0.0,0.0,22.0,692.0,1184.0,492.0,93072.8925119571,9.8142643,4.119
2021,Female,15-19,154172.0,137.0,129.0,266.0,29.0,586.0,1306.0,720.0,93072.8925119571,9.8142643,4.119
2021,Female,20-24,163240.0,2020.0,1929.0,3949.0,35.0,1541.0,3412.0,1871.0,93072.8925119571,9.8142643,4.119
2021,Female,25-29,178586.0,8578.0,8188.0,16766.0,36.0,2681.0,5313.0,2632.0,93072.8925119571,9.8142643,4.119
2021,Female,30-34,186717.0,11546.0,11022.0,22568.0,63.0,2410.0,3525.0,1115.0,93072.8925119571,9.8142643,4.119
2021,Female,35-39,174068.0,5280.0,5039.0,10319.0,69.0,1618.0,2200.0,582.0,93072.8925119571,9.8142643,4.119
2021,Female,40-44,168819.0,1064.0,1015.0,2079.0,124.0,991.0,1509.0,518.0,93072.8925119571,9.8142643,4.119
2021,Female,45-49,181392.0,73.0,68.0,141.0,185.0,601.0,1006.0,405.0,93072.8925119571,9.8142643,4.119
2021,Female,50-54,182852.0,0.0,0.0,0.0,299.0,436.0,743.0,307.0,93072.8925119571,9.8142643,4.119
2021,Female,55-59,165890.0,0.0,0.0,0.0,473.0,380.0,448.0,68.0,93072.8925119571,9.8142643,4.119
2021,Female,60-64,153256.0,0.0,0.0,0.0,673.0,283.0,261.0,-22.0,93072.8925119571,9.8142643,4.119
2021,Female,65-69,140153.0,0.0,0.0,0.0,1076.0,228.0,166.0,-62.0,93072.8925119571,9.8142643,4.119
2021,Female,70-74,132553.0,0.0,0.0,0.0,1809.0,120.0,123.0,3.0,93072.8925119571,9.8142643,4.119
2021,Female,75-79,99510.0,0.0,0.0,0.0,2466.0,96.0,126.0,30.0,93072.8925119571,9.8142643,4.119
2021,Female,80+,142567.0,0.0,0.0,0.0,14011.0,83.0,88.0,5.0,93072.8925119571,9.8142643,4.119
2021,Male,0-4,145601.0,0.0,0.0,0.0,70.0,1065.0,1878.0,813.0,93072.8925119571,9.8142643,4.573
2021,Male,5-9,159283.0,0.0,0.0,0.0,9.0,1175.0,1481.0,306.0,93072.8925119571,9.8142643,4.573
2021,Male,10-14,168372.0,0.0,0.0,0.0,13.0,659.0,1268.0,609.0,93072.8925119571,9.8142643,4.573
2021,Male,15-19,162027.0,0.0,0.0,0.0,60.0,649.0,1306.0,657.0,93072.8925119571,9.8142643,4.573
2021,Male,20-24,175181.0,0.0,0.0,0.0,78.0,1043.0,3036.0,1993.0,93072.8925119571,9.8142643,4.573
2021,Male,25-29,188300.0,0.0,0.0,0.0,104.0,2204.0,5205.0,3001.0,93072.8925119571,9.8142643,4.573
2021,Male,30-34,194118.0,0.0,0.0,0.0,97.0,2912.0,4572.0,1660.0,93072.8925119571,9.8142643,4.573
2021,Male,35-39,184221.0,0.0,0.0,0.0,157.0,2858.0,3429.0,571.0,93072.8925119571,9.8142643,4.573
2021,Male,40-44,178970.0,0.0,0.0,0.0,171.0,2278.0,2550.0,272.0,93072.8925119571,9.8142643,4.573
2021,Male,45-49,190410.0,0.0,0.0,0.0,302.0,1577.0,1843.0,266.0,93072.8925119571,9.8142643,4.573
2021,Male,50-54,191985.0,0.0,0.0,0.0,457.0,1088.0,1186.0,98.0,93072.8925119571,9.8142643,4.573
2021,Male,55-59,173436.0,0.0,0.0,0.0,738.0,750.0,708.0,-42.0,93072.8925119571,9.8142643,4.573
2021,Male,60-64,156396.0,0.0,0.0,0.0,1097.0,535.0,390.0,-145.0,93072.8925119571,9.8142643,4.573
2021,Male,65-69,138714.0,0.0,0.0,0.0,1591.0,396.0,200.0,-196.0,93072.8925119571,9.8142643,4.573
2021,Male,70-74,128576.0,0.0,0.0,0.0,2473.0,111.0,119.0,8.0,93072.8925119571,9.8142643,4.573
2021,Male,75-79,89829.0,0.0,0.0,0.0,3168.0,82.0,94.0,12.0,93072.8925119571,9.8142643,4.573
2021,Male,80+,93840.0,0.0,0.0,0.0,9993.0,58.0,79.0,21.0,93072.8925119571,9.8142643,4.573
2022,Female,0-4,136253.0,0.0,0.0,0.0,52.0,957.0,3248.0,2291.0,108798.451165901,7.94803333,3.068
2022,Female,5-9,149745.0,0.0,0.0,0.0,8.0,1017.0,3137.0,2120.0,108798.451165901,7.94803333,3.068
2022,Female,10-14,159646.0,0.0,0.0,0.0,7.0,638.0,2756.0,2118.0,108798.451165901,7.94803333,3.068
2022,Female,15-19,155502.0,115.0,107.0,222.0,27.0,579.0,2781.0,2202.0,108798.451165901,7.94803333,3.068
2022,Female,20-24,161705.0,1804.0,1706.0,3510.0,37.0,1599.0,5019.0,3420.0,108798.451165901,7.94803333,3.068
2022,Female,25-29,178164.0,7833.0,7417.0,15250.0,45.0,2768.0,7389.0,4621.0,108798.451165901,7.94803333,3.068
2022,Female,30-34,189243.0,10562.0,10000.0,20562.0,53.0,2205.0,6000.0,3795.0,108798.451165901,7.94803333,3.068
2022,Female,35-39,176151.0,5019.0,4752.0,9771.0,69.0,1467.0,4943.0,3476.0,108798.451165901,7.94803333,3.068
2022,Female,40-44,169998.0,1044.0,987.0,2031.0,128.0,930.0,3551.0,2621.0,108798.451165901,7.94803333,3.068
2022,Female,45-49,177883.0,82.0,75.0,157.0,222.0,562.0,2467.0,1905.0,108798.451165901,7.94803333,3.068
2022,Female,50-54,184813.0,0.0,0.0,0.0,329.0,476.0,1700.0,1224.0,108798.451165901,7.94803333,3.068
2022,Female,55-59,169405.0,0.0,0.0,0.0,466.0,368.0,1294.0,926.0,108798.451165901,7.94803333,3.068
2022,Female,60-64,153776.0,0.0,0.0,0.0,721.0,278.0,1207.0,929.0,108798.451165901,7.94803333,3.068
2022,Female,65-69,143424.0,0.0,0.0,0.0,1156.0,195.0,892.0,697.0,108798.451165901,7.94803333,3.068
2022,Female,70-74,129631.0,0.0,0.0,0.0,1849.0,90.0,648.0,558.0,108798.451165901,7.94803333,3.068
2022,Female,75-79,108953.0,0.0,0.0,0.0,2835.0,48.0,301.0,253.0,108798.451165901,7.94803333,3.068
2022,Female,80+,143646.0,0.0,0.0,0.0,14888.0,57.0,265.0,208.0,108798.451165901,7.94803333,3.068
2022,Male,0-4,143787.0,0.0,0.0,0.0,72.0,1021.0,3330.0,2309.0,108798.451165901,7.94803333,3.376
2022,Male,5-9,157929.0,0.0,0.0,0.0,17.0,1015.0,3342.0,2327.0,108798.451165901,7.94803333,3.376
2022,Male,10-14,168627.0,0.0,0.0,0.0,19.0,579.0,3127.0,2548.0,108798.451165901,7.94803333,3.376
2022,Male,15-19,163245.0,0.0,0.0,0.0,47.0,435.0,2668.0,2233.0,108798.451165901,7.94803333,3.376
2022,Male,20-24,173205.0,0.0,0.0,0.0,76.0,1039.0,3931.0,2892.0,108798.451165901,7.94803333,3.376
2022,Male,25-29,188509.0,0.0,0.0,0.0,127.0,2406.0,6097.0,3691.0,108798.451165901,7.94803333,3.376
2022,Male,30-34,196942.0,0.0,0.0,0.0,121.0,2629.0,5700.0,3071.0,108798.451165901,7.94803333,3.376
2022,Male,35-39,186786.0,0.0,0.0,0.0,144.0,2590.0,4624.0,2034.0,108798.451165901,7.94803333,3.376
2022,Male,40-44,179308.0,0.0,0.0,0.0,212.0,2080.0,3427.0,1347.0,108798.451165901,7.94803333,3.376
2022,Male,45-49,187044.0,0.0,0.0,0.0,284.0,1556.0,2241.0,685.0,108798.451165901,7.94803333,3.376
2022,Male,50-54,192921.0,0.0,0.0,0.0,553.0,1066.0,1533.0,467.0,108798.451165901,7.94803333,3.376
2022,Male,55-59,177720.0,0.0,0.0,0.0,795.0,760.0,860.0,100.0,108798.451165901,7.94803333,3.376
2022,Male,60-64,157489.0,0.0,0.0,0.0,1124.0,525.0,884.0,359.0,108798.451165901,7.94803333,3.376
2022,Male,65-69,141429.0,0.0,0.0,0.0,1730.0,372.0,511.0,139.0,108798.451165901,7.94803333,3.376
2022,Male,70-74,126335.0,0.0,0.0,0.0,2541.0,127.0,297.0,170.0,108798.451165901,7.94803333,3.376
2022,Male,75-79,99409.0,0.0,0.0,0.0,3683.0,59.0,167.0,108.0,108798.451165901,7.94803333,3.376
2022,Male,80+,96647.0,0.0,0.0,0.0,11337.0,43.0,138.0,95.0,108798.451165901,7.94803333,3.376
2023,Female,0-4,135325.0,0.0,0.0,0.0,65.0,1120.0,2827.0,1707.0,87925.0944188399,0.0,3.45
2023,Female,5-9,149052.0,0.0,0.0,0.0,12.0,1246.0,2705.0,1459.0,87925.0944188399,0.0,3.45
2023,Female,10-14,161169.0,0.0,0.0,0.0,5.0,800.0,2555.0,1755.0,87925.0944188399,0.0,3.45
2023,Female,15-19,158536.0,121.0,115.0,236.0,31.0,710.0,2568.0,1858.0,87925.0944188399,0.0,3.45
2023,Female,20-24,162029.0,1826.0,1748.0,3574.0,36.0,1760.0,4843.0,3083.0,87925.0944188399,0.0,3.45
2023,Female,25-29,179424.0,7460.0,7138.0,14598.0,44.0,2450.0,6673.0,4223.0,87925.0944188399,0.0,3.45
2023,Female,30-34,193166.0,10787.0,10321.0,21108.0,70.0,2374.0,5404.0,3030.0,87925.0944188399,0.0,3.45
2023,Female,35-39,181397.0,5235.0,5009.0,10244.0,95.0,1831.0,4531.0,2700.0,87925.0944188399,0.0,3.45
2023,Female,40-44,174403.0,1049.0,1005.0,2054.0,128.0,1155.0,3188.0,2033.0,87925.0944188399,0.0,3.45
2023,Female,45-49,175545.0,95.0,89.0,184.0,198.0,656.0,2323.0,1667.0,87925.0944188399,0.0,3.45
2023,Female,50-54,186875.0,0.0,0.0,0.0,323.0,493.0,1600.0,1107.0,87925.0944188399,0.0,3.45
2023,Female,55-59,174045.0,0.0,0.0,0.0,498.0,417.0,1186.0,769.0,87925.0944188399,0.0,3.45
2023,Female,60-64,156077.0,0.0,0.0,0.0,705.0,286.0,1027.0,741.0,87925.0944188399,0.0,3.45
2023,Female,65-69,145542.0,0.0,0.0,0.0,1140.0,296.0,772.0,476.0,87925.0944188399,0.0,3.45
2023,Female,70-74,129600.0,0.0,0.0,0.0,1719.0,150.0,466.0,316.0,87925.0944188399,0.0,3.45
2023,Female,75-79,115194.0,0.0,0.0,0.0,2782.0,74.0,261.0,187.0,87925.0944188399,0.0,3.45
2023,Female,80+,146135.0,0.0,0.0,0.0,14075.0,54.0,212.0,158.0,87925.0944188399,0.0,3.45
2023,Male,0-4,142460.0,0.0,0.0,0.0,81.0,1100.0,3092.0,1992.0,87925.0944188399,0.0,3.681
2023,Male,5-9,157556.0,0.0,0.0,0.0,16.0,1257.0,3018.0,1761.0,87925.0944188399,0.0,3.681
2023,Male,10-14,170505.0,0.0,0.0,0.0,21.0,842.0,2946.0,2104.0,87925.0944188399,0.0,3.681
2023,Male,15-19,166824.0,0.0,0.0,0.0,68.0,557.0,3452.0,2895.0,87925.0944188399,0.0,3.681
2023,Male,20-24,171937.0,0.0,0.0,0.0,95.0,1221.0,4052.0,2831.0,87925.0944188399,0.0,3.681
2023,Male,25-29,188774.0,0.0,0.0,0.0,108.0,2045.0,5753.0,3708.0,87925.0944188399,0.0,3.681
2023,Male,30-34,201179.0,0.0,0.0,0.0,151.0,2507.0,5605.0,3098.0,87925.0944188399,0.0,3.681
2023,Male,35-39,189576.0,0.0,0.0,0.0,177.0,2383.0,4958.0,2575.0,87925.0944188399,0.0,3.681
2023,Male,40-44,182857.0,0.0,0.0,0.0,228.0,1949.0,3688.0,1739.0,87925.0944188399,0.0,3.681
2023,Male,45-49,183024.0,0.0,0.0,0.0,289.0,1317.0,2412.0,1095.0,87925.0944188399,0.0,3.681
2023,Male,50-54,194532.0,0.0,0.0,0.0,493.0,942.0,1546.0,604.0,87925.0944188399,0.0,3.681
2023,Male,55-59,181239.0,0.0,0.0,0.0,724.0,691.0,995.0,304.0,87925.0944188399,0.0,3.681
2023,Male,60-64,160017.0,0.0,0.0,0.0,1055.0,510.0,936.0,426.0,87925.0944188399,0.0,3.681
2023,Male,65-69,143124.0,0.0,0.0,0.0,1668.0,466.0,477.0,11.0,87925.0944188399,0.0,3.681
2023,Male,70-74,125992.0,0.0,0.0,0.0,2417.0,193.0,284.0,91.0,87925.0944188399,0.0,3.681
2023,Male,75-79,105649.0,0.0,0.0,0.0,3644.0,99.0,127.0,28.0,87925.0944188399,0.0,3.681
2023,Male,80+,100225.0,0.0,0.0,0.0,10642.0,60.0,107.0,47.0,87925.0944188399,0.0,3.681
2024,Female,0-4,134626.0,0.0,0.0,0.0,64.0,1043.0,2185.0,1142.0,86809.7,0.0,3.7
2024,Female,5-9,147614.0,0.0,0.0,0.0,12.0,1030.0,1967.0,937.0,86809.7,0.0,3.7
2024,Female,10-14,160907.0,0.0,0.0,0.0,13.0,821.0,1831.0,1010.0,86809.7,0.0,3.7
2024,Female,15-19,161506.0,122.0,114.0,236.0,27.0,850.0,2229.0,1379.0,86809.7,0.0,3.7
2024,Female,20-24,162871.0,1795.0,1683.0,3478.0,30.0,2050.0,4067.0,2017.0,86809.7,0.0,3.7
2024,Female,25-29,180139.0,7547.0,7073.0,14620.0,52.0,2602.0,5571.0,2969.0,86809.7,0.0,3.7
2024,Female,30-34,194619.0,11398.0,10681.0,22079.0,57.0,2258.0,3860.0,1602.0,86809.7,0.0,3.7
2024,Female,35-39,187344.0,5767.0,5405.0,11172.0,73.0,1686.0,3035.0,1349.0,86809.7,0.0,3.7
2024,Female,40-44,177417.0,1169.0,1097.0,2266.0,106.0,1119.0,2331.0,1212.0,86809.7,0.0,3.7
2024,Female,45-49,175099.0,90.0,85.0,175.0,176.0,765.0,1534.0,769.0,86809.7,0.0,3.7
2024,Female,50-54,186706.0,0.0,0.0,0.0,325.0,556.0,1116.0,560.0,86809.7,0.0,3.7
2024,Female,55-59,178402.0,0.0,0.0,0.0,489.0,466.0,833.0,367.0,86809.7,0.0,3.7
2024,Female,60-64,158623.0,0.0,0.0,0.0,679.0,391.0,804.0,413.0,86809.7,0.0,3.7
2024,Female,65-69,147683.0,0.0,0.0,0.0,1174.0,329.0,571.0,242.0,86809.7,0.0,3.7
2024,Female,70-74,130857.0,0.0,0.0,0.0,1726.0,159.0,361.0,202.0,86809.7,0.0,3.7
2024,Female,75-79,119493.0,0.0,0.0,0.0,2935.0,84.0,259.0,175.0,86809.7,0.0,3.7
2024,Female,80+,150579.0,0.0,0.0,0.0,14117.0,88.0,184.0,96.0,86809.7,0.0,3.7
2024,Male,0-4,141450.0,0.0,0.0,0.0,76.0,1056.0,2183.0,1127.0,86809.7,0.0,4.2
2024,Male,5-9,156860.0,0.0,0.0,0.0,5.0,1060.0,2043.0,983.0,86809.7,0.0,4.2
2024,Male,10-14,169671.0,0.0,0.0,0.0,12.0,746.0,2107.0,1361.0,86809.7,0.0,4.2
2024,Male,15-19,171648.0,0.0,0.0,0.0,70.0,686.0,3401.0,2715.0,86809.7,0.0,4.2
2024,Male,20-24,172007.0,0.0,0.0,0.0,84.0,1405.0,3469.0,2064.0,86809.7,0.0,4.2
2024,Male,25-29,189107.0,0.0,0.0,0.0,122.0,2054.0,4847.0,2793.0,86809.7,0.0,4.2
2024,Male,30-34,202748.0,0.0,0.0,0.0,131.0,2031.0,4166.0,2135.0,86809.7,0.0,4.2
2024,Male,35-39,194782.0,0.0,0.0,0.0,167.0,1819.0,3440.0,1621.0,86809.7,0.0,4.2
2024,Male,40-44,185730.0,0.0,0.0,0.0,227.0,1402.0,2565.0,1163.0,86809.7,0.0,4.2
2024,Male,45-49,181909.0,0.0,0.0,0.0,288.0,1001.0,1751.0,750.0,86809.7,0.0,4.2
2024,Male,50-54,194059.0,0.0,0.0,0.0,480.0,730.0,1139.0,409.0,86809.7,0.0,4.2
2024,Male,55-59,185737.0,0.0,0.0,0.0,737.0,487.0,712.0,225.0,86809.7,0.0,4.2
2024,Male,60-64,162454.0,0.0,0.0,0.0,1085.0,435.0,691.0,256.0,86809.7,0.0,4.2
2024,Male,65-69,145410.0,0.0,0.0,0.0,1682.0,428.0,405.0,-23.0,86809.7,0.0,4.2
2024,Male,70-74,126146.0,0.0,0.0,0.0,2401.0,167.0,203.0,36.0,86809.7,0.0,4.2
2024,Male,75-79,110094.0,0.0,0.0,0.0,3647.0,95.0,125.0,30.0,86809.7,0.0,4.2
2024,Male,80+,105906.0,0.0,0.0,0.0,10973.0,69.0,92.0,23.0,86809.7,0.0,4.2
