Year,Sex,Age,Immigrations,Deaths,Emigrations,Population,FemaleBirths,MaleBirths,GDP_per_capita,Health_expenditure_pct_GDP,Unemployment
1995,Female,0-4,0.0,447.0,0.0,266963.0,0.0,0.0,11781.3618502221,0.0,7.783
1995,Male,0-4,0.0,592.0,0.0,283523.0,0.0,0.0,11781.3618502221,0.0,6.477
1995,Female,10-14,0.0,76.0,0.0,321866.0,35.0,42.0,11781.3618502221,0.0,7.783
1995,Male,10-14,0.0,137.0,0.0,337142.0,35.0,42.0,11781.3618502221,0.0,6.477
1995,Female,15-19,0.0,145.0,0.0,382784.0,3906.0,4030.0,11781.3618502221,0.0,7.783
1995,Male,15-19,0.0,487.0,0.0,394751.0,3906.0,4030.0,11781.3618502221,0.0,6.477
1995,Female,20-24,0.0,221.0,0.0,404891.0,12611.0,13465.0,11781.3618502221,0.0,7.783
1995,Male,20-24,0.0,817.0,0.0,412063.0,12611.0,13465.0,11781.3618502221,0.0,6.477
1995,Female,25-29,0.0,239.0,0.0,373916.0,17505.0,19186.0,11781.3618502221,0.0,7.783
1995,Male,25-29,0.0,905.0,0.0,375419.0,17505.0,19186.0,11781.3618502221,0.0,6.477
1995,Female,30-34,0.0,287.0,0.0,375546.0,12303.0,13325.0,11781.3618502221,0.0,7.783
1995,Male,30-34,0.0,931.0,0.0,362642.0,12303.0,13325.0,11781.3618502221,0.0,6.477
1995,Female,35-39,0.0,342.0,0.0,359451.0,4189.0,4658.0,11781.3618502221,0.0,7.783
1995,Male,35-39,0.0,1016.0,0.0,345071.0,4189.0,4658.0,11781.3618502221,0.0,6.477
1995,Female,40-44,0.0,540.0,0.0,344075.0,847.0,933.0,11781.3618502221,0.0,7.783
1995,Male,40-44,0.0,1159.0,0.0,325176.0,847.0,933.0,11781.3618502221,0.0,6.477
1995,Female,45-49,0.0,680.0,0.0,328040.0,65.0,62.0,11781.3618502221,0.0,7.783
1995,Male,45-49,0.0,1517.0,0.0,306710.0,65.0,62.0,11781.3618502221,0.0,6.477
1995,Female,5-9,0.0,71.0,0.0,270710.0,0.0,0.0,11781.3618502221,0.0,7.783
1995,Male,5-9,0.0,111.0,0.0,283787.0,0.0,0.0,11781.3618502221,0.0,6.477
1995,Female,50-54,0.0,948.0,0.0,297958.0,0.0,0.0,11781.3618502221,0.0,7.783
1995,Male,50-54,0.0,1803.0,0.0,268040.0,0.0,0.0,11781.3618502221,0.0,6.477
1995,Female,55-59,0.0,1421.0,0.0,294598.0,0.0,0.0,11781.3618502221,0.0,7.783
1995,Male,55-59,0.0,2848.0,0.0,261475.0,0.0,0.0,11781.3618502221,0.0,6.477
1995,Female,60-64,0.0,2225.0,0.0,297806.0,0.0,0.0,11781.3618502221,0.0,7.783
1995,Male,60-64,0.0,4339.0,0.0,256254.0,0.0,0.0,11781.3618502221,0.0,6.477
1995,Female,65-69,0.0,3378.0,0.0,275974.0,0.0,0.0,11781.3618502221,0.0,7.783
1995,Male,65-69,0.0,6060.0,0.0,224495.0,0.0,0.0,11781.3618502221,0.0,6.477
1995,Female,70-74,0.0,5534.0,0.0,236763.0,0.0,0.0,11781.3618502221,0.0,7.783
1995,Male,70-74,0.0,7714.0,0.0,181785.0,0.0,0.0,11781.3618502221,0.0,6.477
1995,Female,75-79,0.0,7349.0,0.0,166758.0,0.0,0.0,11781.3618502221,0.0,7.783
1995,Male,75-79,0.0,7873.0,0.0,114740.0,0.0,0.0,11781.3618502221,0.0,6.477
1995,Female,80-84,0.0,10226.0,0.0,125301.0,0.0,0.0,11781.3618502221,0.0,7.783
1995,Male,80-84,0.0,8411.0,0.0,72121.0,0.0,0.0,11781.3618502221,0.0,6.477
1995,Female,85+,0.0,15376.0,0.0,80347.0,0.0,0.0,11781.3618502221,0.0,7.783
1995,Male,85+,0.0,7714.0,0.0,34752.0,0.0,0.0,11781.3618502221,0.0,6.477
1996,Female,0-4,0.0,421.0,0.0,264040.0,0.0,0.0,12185.0914010629,0.0,8.44
1996,Male,0-4,0.0,579.0,0.0,281460.0,0.0,0.0,12185.0914010629,0.0,6.357
1996,Female,10-14,0.0,77.0,0.0,310699.0,50.0,48.0,12185.0914010629,0.0,8.44
1996,Male,10-14,0.0,137.0,0.0,325758.0,50.0,48.0,12185.0914010629,0.0,6.357
1996,Female,15-19,0.0,147.0,0.0,370402.0,3726.0,4036.0,12185.0914010629,0.0,8.44
1996,Male,15-19,0.0,450.0,0.0,382048.0,3726.0,4036.0,12185.0914010629,0.0,6.357
1996,Female,20-24,0.0,199.0,0.0,407551.0,12466.0,13539.0,12185.0914010629,0.0,8.44
1996,Male,20-24,0.0,776.0,0.0,415170.0,12466.0,13539.0,12185.0914010629,0.0,6.357
1996,Female,25-29,0.0,204.0,0.0,377953.0,17986.0,19506.0,12185.0914010629,0.0,8.44
1996,Male,25-29,0.0,873.0,0.0,380436.0,17986.0,19506.0,12185.0914010629,0.0,6.357
1996,Female,30-34,0.0,357.0,0.0,378136.0,13153.0,14277.0,12185.0914010629,0.0,8.44
1996,Male,30-34,0.0,917.0,0.0,366450.0,13153.0,14277.0,12185.0914010629,0.0,6.357
1996,Female,35-39,0.0,382.0,0.0,366532.0,4669.0,4984.0,12185.0914010629,0.0,8.44
1996,Male,35-39,0.0,1077.0,0.0,352239.0,4669.0,4984.0,12185.0914010629,0.0,6.357
1996,Female,40-44,0.0,491.0,0.0,346334.0,878.0,916.0,12185.0914010629,0.0,8.44
1996,Male,40-44,0.0,1261.0,0.0,327396.0,878.0,916.0,12185.0914010629,0.0,6.357
1996,Female,45-49,0.0,760.0,0.0,334202.0,48.0,58.0,12185.0914010629,0.0,8.44
1996,Male,45-49,0.0,1541.0,0.0,314714.0,48.0,58.0,12185.0914010629,0.0,6.357
1996,Female,5-9,0.0,78.0,0.0,270850.0,0.0,0.0,12185.0914010629,0.0,8.44
1996,Male,5-9,0.0,90.0,0.0,284667.0,0.0,0.0,12185.0914010629,0.0,6.357
1996,Female,50-54,0.0,1006.0,0.0,305637.0,0.0,0.0,12185.0914010629,0.0,8.44
1996,Male,50-54,0.0,1966.0,0.0,274852.0,0.0,0.0,12185.0914010629,0.0,6.357
1996,Female,55-59,0.0,1302.0,0.0,288338.0,0.0,0.0,12185.0914010629,0.0,8.44
1996,Male,55-59,0.0,2899.0,0.0,256077.0,0.0,0.0,12185.0914010629,0.0,6.357
1996,Female,60-64,0.0,2195.0,0.0,299826.0,0.0,0.0,12185.0914010629,0.0,8.44
1996,Male,60-64,0.0,4357.0,0.0,257433.0,0.0,0.0,12185.0914010629,0.0,6.357
1996,Female,65-69,0.0,3493.0,0.0,277134.0,0.0,0.0,12185.0914010629,0.0,8.44
1996,Male,65-69,0.0,6105.0,0.0,227196.0,0.0,0.0,12185.0914010629,0.0,6.357
1996,Female,70-74,0.0,5565.0,0.0,242816.0,0.0,0.0,12185.0914010629,0.0,8.44
1996,Male,70-74,0.0,7994.0,0.0,185407.0,0.0,0.0,12185.0914010629,0.0,6.357
1996,Female,75-79,0.0,7337.0,0.0,172403.0,0.0,0.0,12185.0914010629,0.0,8.44
1996,Male,75-79,0.0,8242.0,0.0,119799.0,0.0,0.0,12185.0914010629,0.0,6.357
1996,Female,80-84,0.0,10418.0,0.0,126061.0,0.0,0.0,12185.0914010629,0.0,8.44
1996,Male,80-84,0.0,8784.0,0.0,72454.0,0.0,0.0,12185.0914010629,0.0,6.357
1996,Female,85+,0.0,16383.0,0.0,84759.0,0.0,0.0,12185.0914010629,0.0,8.44
1996,Male,85+,0.0,8396.0,0.0,36967.0,0.0,0.0,12185.0914010629,0.0,6.357
1997,Female,0-4,0.0,427.0,0.0,262777.0,0.0,0.0,11575.5071124358,0.0,7.494
1997,Male,0-4,0.0,532.0,0.0,280542.0,0.0,0.0,11575.5071124358,0.0,5.803
1997,Female,10-14,0.0,77.0,0.0,299277.0,52.0,50.0,11575.5071124358,0.0,7.494
1997,Male,10-14,0.0,130.0,0.0,314438.0,52.0,50.0,11575.5071124358,0.0,5.803
1997,Female,15-19,0.0,140.0,0.0,360867.0,3706.0,3880.0,11575.5071124358,0.0,7.494
1997,Male,15-19,0.0,400.0,0.0,372114.0,3706.0,3880.0,11575.5071124358,0.0,5.803
1997,Female,20-24,0.0,198.0,0.0,406804.0,12518.0,13387.0,11575.5071124358,0.0,7.494
1997,Male,20-24,0.0,746.0,0.0,415179.0,12518.0,13387.0,11575.5071124358,0.0,5.803
1997,Female,25-29,0.0,248.0,0.0,382842.0,18710.0,19624.0,11575.5071124358,0.0,7.494
1997,Male,25-29,0.0,848.0,0.0,386055.0,18710.0,19624.0,11575.5071124358,0.0,5.803
1997,Female,30-34,0.0,297.0,0.0,379679.0,13926.0,14681.0,11575.5071124358,0.0,7.494
1997,Male,30-34,0.0,981.0,0.0,369006.0,13926.0,14681.0,11575.5071124358,0.0,5.803
1997,Female,35-39,0.0,442.0,0.0,371821.0,5068.0,5396.0,11575.5071124358,0.0,7.494
1997,Male,35-39,0.0,1063.0,0.0,357497.0,5068.0,5396.0,11575.5071124358,0.0,5.803
1997,Female,40-44,0.0,528.0,0.0,350156.0,897.0,1006.0,11575.5071124358,0.0,7.494
1997,Male,40-44,0.0,1199.0,0.0,332975.0,897.0,1006.0,11575.5071124358,0.0,5.803
1997,Female,45-49,0.0,797.0,0.0,341215.0,54.0,69.0,11575.5071124358,0.0,7.494
1997,Male,45-49,0.0,1492.0,0.0,321967.0,54.0,69.0,11575.5071124358,0.0,5.803
1997,Female,5-9,0.0,57.0,0.0,272154.0,0.0,0.0,11575.5071124358,0.0,7.494
1997,Male,5-9,0.0,90.0,0.0,285755.0,0.0,0.0,11575.5071124358,0.0,5.803
1997,Female,50-54,0.0,975.0,0.0,312324.0,0.0,0.0,11575.5071124358,0.0,7.494
1997,Male,50-54,0.0,1920.0,0.0,281333.0,0.0,0.0,11575.5071124358,0.0,5.803
1997,Female,55-59,0.0,1340.0,0.0,286117.0,0.0,0.0,11575.5071124358,0.0,7.494
1997,Male,55-59,0.0,2673.0,0.0,254796.0,0.0,0.0,11575.5071124358,0.0,5.803
1997,Female,60-64,0.0,2098.0,0.0,298737.0,0.0,0.0,11575.5071124358,0.0,7.494
1997,Male,60-64,0.0,4209.0,0.0,256505.0,0.0,0.0,11575.5071124358,0.0,5.803
1997,Female,65-69,0.0,3414.0,0.0,282387.0,0.0,0.0,11575.5071124358,0.0,7.494
1997,Male,65-69,0.0,5973.0,0.0,232427.0,0.0,0.0,11575.5071124358,0.0,5.803
1997,Female,70-74,0.0,5376.0,0.0,246257.0,0.0,0.0,11575.5071124358,0.0,7.494
1997,Male,70-74,0.0,7853.0,0.0,187332.0,0.0,0.0,11575.5071124358,0.0,5.803
1997,Female,75-79,0.0,7311.0,0.0,179338.0,0.0,0.0,11575.5071124358,0.0,7.494
1997,Male,75-79,0.0,8165.0,0.0,125265.0,0.0,0.0,11575.5071124358,0.0,5.803
1997,Female,80-84,0.0,10053.0,0.0,125483.0,0.0,0.0,11575.5071124358,0.0,7.494
1997,Male,80-84,0.0,8318.0,0.0,72674.0,0.0,0.0,11575.5071124358,0.0,5.803
1997,Female,85+,0.0,16261.0,0.0,90141.0,0.0,0.0,11575.5071124358,0.0,7.494
1997,Male,85+,0.0,8526.0,0.0,39522.0,0.0,0.0,11575.5071124358,0.0,5.803
1998,Female,0-4,0.0,394.0,0.0,262238.0,0.0,0.0,12199.206385024,0.0,5.667
1998,Male,0-4,0.0,509.0,0.0,280632.0,0.0,0.0,12199.206385024,0.0,3.801
1998,Female,10-14,0.0,66.0,0.0,291234.0,37.0,58.0,12199.206385024,0.0,5.667
1998,Male,10-14,0.0,132.0,0.0,305322.0,37.0,58.0,12199.206385024,0.0,3.801
1998,Female,15-19,0.0,126.0,0.0,353010.0,3529.0,3779.0,12199.206385024,0.0,5.667
1998,Male,15-19,0.0,398.0,0.0,365048.0,3529.0,3779.0,12199.206385024,0.0,3.801
1998,Female,20-24,0.0,220.0,0.0,402520.0,12152.0,12672.0,12199.206385024,0.0,5.667
1998,Male,20-24,0.0,689.0,0.0,411372.0,12152.0,12672.0,12199.206385024,0.0,3.801
1998,Female,25-29,0.0,239.0,0.0,387577.0,18217.0,19725.0,12199.206385024,0.0,5.667
1998,Male,25-29,0.0,840.0,0.0,390620.0,18217.0,19725.0,12199.206385024,0.0,3.801
1998,Female,30-34,0.0,295.0,0.0,380566.0,14472.0,15572.0,12199.206385024,0.0,5.667
1998,Male,30-34,0.0,914.0,0.0,372052.0,14472.0,15572.0,12199.206385024,0.0,3.801
1998,Female,35-39,0.0,412.0,0.0,377239.0,5521.0,5756.0,12199.206385024,0.0,5.667
1998,Male,35-39,0.0,1033.0,0.0,363379.0,5521.0,5756.0,12199.206385024,0.0,3.801
1998,Female,40-44,0.0,514.0,0.0,356165.0,930.0,975.0,12199.206385024,0.0,5.667
1998,Male,40-44,0.0,1241.0,0.0,339856.0,930.0,975.0,12199.206385024,0.0,3.801
1998,Female,45-49,0.0,693.0,0.0,341059.0,56.0,42.0,12199.206385024,0.0,5.667
1998,Male,45-49,0.0,1541.0,0.0,322368.0,56.0,42.0,12199.206385024,0.0,3.801
1998,Female,5-9,0.0,77.0,0.0,273268.0,0.0,0.0,12199.206385024,0.0,5.667
1998,Male,5-9,0.0,84.0,0.0,286981.0,0.0,0.0,12199.206385024,0.0,3.801
1998,Female,50-54,0.0,959.0,0.0,321920.0,0.0,0.0,12199.206385024,0.0,5.667
1998,Male,50-54,0.0,2007.0,0.0,291114.0,0.0,0.0,12199.206385024,0.0,3.801
1998,Female,55-59,0.0,1282.0,0.0,286563.0,0.0,0.0,12199.206385024,0.0,5.667
1998,Male,55-59,0.0,2569.0,0.0,254944.0,0.0,0.0,12199.206385024,0.0,3.801
1998,Female,60-64,0.0,2113.0,0.0,298592.0,0.0,0.0,12199.206385024,0.0,5.667
1998,Male,60-64,0.0,4028.0,0.0,257757.0,0.0,0.0,12199.206385024,0.0,3.801
1998,Female,65-69,0.0,3239.0,0.0,284832.0,0.0,0.0,12199.206385024,0.0,5.667
1998,Male,65-69,0.0,5969.0,0.0,234985.0,0.0,0.0,12199.206385024,0.0,3.801
1998,Female,70-74,0.0,5577.0,0.0,249759.0,0.0,0.0,12199.206385024,0.0,5.667
1998,Male,70-74,0.0,7919.0,0.0,189924.0,0.0,0.0,12199.206385024,0.0,3.801
1998,Female,75-79,0.0,7572.0,0.0,189563.0,0.0,0.0,12199.206385024,0.0,5.667
1998,Male,75-79,0.0,8624.0,0.0,131999.0,0.0,0.0,12199.206385024,0.0,3.801
1998,Female,80-84,0.0,9711.0,0.0,122785.0,0.0,0.0,12199.206385024,0.0,5.667
1998,Male,80-84,0.0,8396.0,0.0,71858.0,0.0,0.0,12199.206385024,0.0,3.801
1998,Female,85+,0.0,17181.0,0.0,95575.0,0.0,0.0,12199.206385024,0.0,5.667
1998,Male,85+,0.0,9011.0,0.0,41958.0,0.0,0.0,12199.206385024,0.0,3.801
1999,Female,0-4,0.0,362.0,0.0,266055.0,0.0,0.0,12475.2917701476,0.0,5.065
1999,Male,0-4,0.0,475.0,0.0,284042.0,0.0,0.0,12475.2917701476,0.0,4.177
1999,Female,10-14,0.0,69.0,0.0,284869.0,54.0,50.0,12475.2917701476,0.0,5.065
1999,Male,10-14,0.0,77.0,0.0,298016.0,54.0,50.0,12475.2917701476,0.0,4.177
1999,Female,15-19,0.0,120.0,0.0,345987.0,3573.0,3684.0,12475.2917701476,0.0,5.065
1999,Male,15-19,0.0,350.0,0.0,358662.0,3573.0,3684.0,12475.2917701476,0.0,4.177
1999,Female,20-24,0.0,181.0,0.0,394671.0,11852.0,12692.0,12475.2917701476,0.0,5.065
1999,Male,20-24,0.0,657.0,0.0,403893.0,11852.0,12692.0,12475.2917701476,0.0,4.177
1999,Female,25-29,0.0,202.0,0.0,395039.0,18822.0,20184.0,12475.2917701476,0.0,5.065
1999,Male,25-29,0.0,841.0,0.0,397673.0,18822.0,20184.0,12475.2917701476,0.0,4.177
1999,Female,30-34,0.0,288.0,0.0,379947.0,14824.0,15510.0,12475.2917701476,0.0,5.065
1999,Male,30-34,0.0,956.0,0.0,373950.0,14824.0,15510.0,12475.2917701476,0.0,4.177
1999,Female,35-39,0.0,376.0,0.0,384853.0,5984.0,6503.0,12475.2917701476,0.0,5.065
1999,Male,35-39,0.0,1100.0,0.0,370980.0,5984.0,6503.0,12475.2917701476,0.0,4.177
1999,Female,40-44,0.0,543.0,0.0,361392.0,1071.0,1104.0,12475.2917701476,0.0,5.065
1999,Male,40-44,0.0,1212.0,0.0,345519.0,1071.0,1104.0,12475.2917701476,0.0,4.177
1999,Female,45-49,0.0,701.0,0.0,344872.0,58.0,59.0,12475.2917701476,0.0,5.065
1999,Male,45-49,0.0,1497.0,0.0,325821.0,58.0,59.0,12475.2917701476,0.0,4.177
1999,Female,5-9,0.0,61.0,0.0,271659.0,0.0,0.0,12475.2917701476,0.0,5.065
1999,Male,5-9,0.0,85.0,0.0,286625.0,0.0,0.0,12475.2917701476,0.0,4.177
1999,Female,50-54,0.0,982.0,0.0,326899.0,0.0,0.0,12475.2917701476,0.0,5.065
1999,Male,50-54,0.0,1976.0,0.0,299192.0,0.0,0.0,12475.2917701476,0.0,4.177
1999,Female,55-59,0.0,1270.0,0.0,289912.0,0.0,0.0,12475.2917701476,0.0,5.065
1999,Male,55-59,0.0,2551.0,0.0,257609.0,0.0,0.0,12475.2917701476,0.0,4.177
1999,Female,60-64,0.0,2082.0,0.0,299209.0,0.0,0.0,12475.2917701476,0.0,5.065
1999,Male,60-64,0.0,3974.0,0.0,258800.0,0.0,0.0,12475.2917701476,0.0,4.177
1999,Female,65-69,0.0,3355.0,0.0,287844.0,0.0,0.0,12475.2917701476,0.0,5.065
1999,Male,65-69,0.0,5903.0,0.0,237994.0,0.0,0.0,12475.2917701476,0.0,4.177
1999,Female,70-74,0.0,5320.0,0.0,250962.0,0.0,0.0,12475.2917701476,0.0,5.065
1999,Male,70-74,0.0,7853.0,0.0,190759.0,0.0,0.0,12475.2917701476,0.0,4.177
1999,Female,75-79,0.0,8103.0,0.0,198492.0,0.0,0.0,12475.2917701476,0.0,5.065
1999,Male,75-79,0.0,9302.0,0.0,138105.0,0.0,0.0,12475.2917701476,0.0,4.177
1999,Female,80-84,0.0,9678.0,0.0,121762.0,0.0,0.0,12475.2917701476,0.0,5.065
1999,Male,80-84,0.0,8109.0,0.0,72359.0,0.0,0.0,12475.2917701476,0.0,4.177
1999,Female,85+,0.0,18104.0,0.0,100448.0,0.0,0.0,12475.2917701476,0.0,5.065
1999,Male,85+,0.0,9553.0,0.0,44151.0,0.0,0.0,12475.2917701476,0.0,4.177
2000,Female,0-4,0.0,369.0,0.0,266010.0,0.0,0.0,11526.3720667968,8.60104179,4.727
2000,Male,0-4,0.0,487.0,0.0,283543.0,0.0,0.0,11526.3720667968,8.60104179,3.039
2000,Female,10-14,0.0,48.0,0.0,282265.0,51.0,65.0,11526.3720667968,8.60104179,4.727
2000,Male,10-14,0.0,88.0,0.0,294897.0,51.0,65.0,11526.3720667968,8.60104179,3.039
2000,Female,15-19,0.0,115.0,0.0,337921.0,3556.0,3820.0,11526.3720667968,8.60104179,4.727
2000,Male,15-19,0.0,328.0,0.0,351663.0,3556.0,3820.0,11526.3720667968,8.60104179,3.039
2000,Female,20-24,0.0,163.0,0.0,390654.0,11747.0,12875.0,11526.3720667968,8.60104179,4.727
2000,Male,20-24,0.0,596.0,0.0,399290.0,11747.0,12875.0,11526.3720667968,8.60104179,3.039
2000,Female,25-29,0.0,166.0,0.0,401742.0,19344.0,20798.0,11526.3720667968,8.60104179,4.727
2000,Male,25-29,0.0,750.0,0.0,404998.0,19344.0,20798.0,11526.3720667968,8.60104179,3.039
2000,Female,30-34,0.0,266.0,0.0,379387.0,15467.0,16485.0,11526.3720667968,8.60104179,4.727
2000,Male,30-34,0.0,884.0,0.0,375806.0,15467.0,16485.0,11526.3720667968,8.60104179,3.039
2000,Female,35-39,0.0,390.0,0.0,390222.0,6398.0,6886.0,11526.3720667968,8.60104179,4.727
2000,Male,35-39,0.0,1011.0,0.0,376141.0,6398.0,6886.0,11526.3720667968,8.60104179,3.039
2000,Female,40-44,0.0,532.0,0.0,367866.0,1142.0,1253.0,11526.3720667968,8.60104179,4.727
2000,Male,40-44,0.0,1214.0,0.0,354092.0,1142.0,1253.0,11526.3720667968,8.60104179,3.039
2000,Female,45-49,0.0,746.0,0.0,350583.0,92.0,65.0,11526.3720667968,8.60104179,4.727
2000,Male,45-49,0.0,1607.0,0.0,330846.0,92.0,65.0,11526.3720667968,8.60104179,3.039
2000,Female,5-9,0.0,53.0,0.0,267829.0,0.0,0.0,11526.3720667968,8.60104179,4.727
2000,Male,5-9,0.0,69.0,0.0,284346.0,0.0,0.0,11526.3720667968,8.60104179,3.039
2000,Female,50-54,0.0,1007.0,0.0,330534.0,0.0,0.0,11526.3720667968,8.60104179,4.727
2000,Male,50-54,0.0,1939.0,0.0,306187.0,0.0,0.0,11526.3720667968,8.60104179,3.039
2000,Female,55-59,0.0,1225.0,0.0,299313.0,0.0,0.0,11526.3720667968,8.60104179,4.727
2000,Male,55-59,0.0,2517.0,0.0,265529.0,0.0,0.0,11526.3720667968,8.60104179,3.039
2000,Female,60-64,0.0,1940.0,0.0,294967.0,0.0,0.0,11526.3720667968,8.60104179,4.727
2000,Male,60-64,0.0,3767.0,0.0,256013.0,0.0,0.0,11526.3720667968,8.60104179,3.039
2000,Female,65-69,0.0,3151.0,0.0,292147.0,0.0,0.0,11526.3720667968,8.60104179,4.727
2000,Male,65-69,0.0,5705.0,0.0,242512.0,0.0,0.0,11526.3720667968,8.60104179,3.039
2000,Female,70-74,0.0,5339.0,0.0,255173.0,0.0,0.0,11526.3720667968,8.60104179,4.727
2000,Male,70-74,0.0,7596.0,0.0,194455.0,0.0,0.0,11526.3720667968,8.60104179,3.039
2000,Female,75-79,0.0,7963.0,0.0,202954.0,0.0,0.0,11526.3720667968,8.60104179,4.727
2000,Male,75-79,0.0,9248.0,0.0,142122.0,0.0,0.0,11526.3720667968,8.60104179,3.039
2000,Female,80-84,0.0,9186.0,0.0,124253.0,0.0,0.0,11526.3720667968,8.60104179,4.727
2000,Male,80-84,0.0,8041.0,0.0,75075.0,0.0,0.0,11526.3720667968,8.60104179,3.039
2000,Female,85+,0.0,17808.0,0.0,110496.0,0.0,0.0,11526.3720667968,8.60104179,4.727
2000,Male,85+,0.0,9499.0,0.0,48943.0,0.0,0.0,11526.3720667968,8.60104179,3.039
2001,Female,0-4,0.0,302.0,0.0,269709.0,0.0,0.0,11734.7649743954,8.62751579,4.949
2001,Male,0-4,0.0,435.0,0.0,287124.0,0.0,0.0,11734.7649743954,8.62751579,2.89
2001,Female,10-14,0.0,58.0,0.0,280170.0,41.0,49.0,11734.7649743954,8.62751579,4.949
2001,Male,10-14,0.0,87.0,0.0,294375.0,41.0,49.0,11734.7649743954,8.62751579,2.89
2001,Female,15-19,0.0,100.0,0.0,324572.0,3241.0,3545.0,11734.7649743954,8.62751579,4.949
2001,Male,15-19,0.0,309.0,0.0,338731.0,3241.0,3545.0,11734.7649743954,8.62751579,2.89
2001,Female,20-24,0.0,139.0,0.0,381273.0,10343.0,11392.0,11734.7649743954,8.62751579,4.949
2001,Male,20-24,0.0,572.0,0.0,390219.0,10343.0,11392.0,11734.7649743954,8.62751579,2.89
2001,Female,25-29,0.0,198.0,0.0,410014.0,18127.0,19462.0,11734.7649743954,8.62751579,4.949
2001,Male,25-29,0.0,775.0,0.0,413258.0,18127.0,19462.0,11734.7649743954,8.62751579,2.89
2001,Female,30-34,0.0,254.0,0.0,384593.0,14988.0,15874.0,11734.7649743954,8.62751579,4.949
2001,Male,30-34,0.0,816.0,0.0,382078.0,14988.0,15874.0,11734.7649743954,8.62751579,2.89
2001,Female,35-39,0.0,362.0,0.0,392486.0,6440.0,6725.0,11734.7649743954,8.62751579,4.949
2001,Male,35-39,0.0,1055.0,0.0,379175.0,6440.0,6725.0,11734.7649743954,8.62751579,2.89
2001,Female,40-44,0.0,568.0,0.0,375944.0,1173.0,1269.0,11734.7649743954,8.62751579,4.949
2001,Male,40-44,0.0,1328.0,0.0,361939.0,1173.0,1269.0,11734.7649743954,8.62751579,2.89
2001,Female,45-49,0.0,783.0,0.0,352954.0,70.0,76.0,11734.7649743954,8.62751579,4.949
2001,Male,45-49,0.0,1612.0,0.0,333344.0,70.0,76.0,11734.7649743954,8.62751579,2.89
2001,Female,5-9,0.0,51.0,0.0,265478.0,0.0,0.0,11734.7649743954,8.62751579,4.949
2001,Male,5-9,0.0,67.0,0.0,282636.0,0.0,0.0,11734.7649743954,8.62751579,2.89
2001,Female,50-54,0.0,975.0,0.0,337234.0,0.0,0.0,11734.7649743954,8.62751579,4.949
2001,Male,50-54,0.0,1954.0,0.0,315171.0,0.0,0.0,11734.7649743954,8.62751579,2.89
2001,Female,55-59,0.0,1239.0,0.0,307071.0,0.0,0.0,11734.7649743954,8.62751579,4.949
2001,Male,55-59,0.0,2539.0,0.0,272417.0,0.0,0.0,11734.7649743954,8.62751579,2.89
2001,Female,60-64,0.0,1906.0,0.0,289033.0,0.0,0.0,11734.7649743954,8.62751579,4.949
2001,Male,60-64,0.0,3663.0,0.0,251254.0,0.0,0.0,11734.7649743954,8.62751579,2.89
2001,Female,65-69,0.0,3076.0,0.0,295193.0,0.0,0.0,11734.7649743954,8.62751579,4.949
2001,Male,65-69,0.0,5528.0,0.0,244094.0,0.0,0.0,11734.7649743954,8.62751579,2.89
2001,Female,70-74,0.0,5240.0,0.0,258058.0,0.0,0.0,11734.7649743954,8.62751579,4.949
2001,Male,70-74,0.0,7573.0,0.0,198759.0,0.0,0.0,11734.7649743954,8.62751579,2.89
2001,Female,75-79,0.0,7939.0,0.0,209130.0,0.0,0.0,11734.7649743954,8.62751579,4.949
2001,Male,75-79,0.0,9145.0,0.0,145248.0,0.0,0.0,11734.7649743954,8.62751579,2.89
2001,Female,80-84,0.0,9297.0,0.0,129972.0,0.0,0.0,11734.7649743954,8.62751579,4.949
2001,Male,80-84,0.0,7964.0,0.0,79597.0,0.0,0.0,11734.7649743954,8.62751579,2.89
2001,Female,85+,0.0,17906.0,0.0,112411.0,0.0,0.0,11734.7649743954,8.62751579,4.949
2001,Male,85+,0.0,9767.0,0.0,49955.0,0.0,0.0,11734.7649743954,8.62751579,2.89
2002,Female,0-4,0.0,330.0,0.0,272472.0,0.0,0.0,12936.6928204482,8.78642941,5.312
2002,Male,0-4,0.0,421.0,0.0,290308.0,0.0,0.0,12936.6928204482,8.78642941,3.812
2002,Female,10-14,0.0,57.0,0.0,280312.0,41.0,51.0,12936.6928204482,8.78642941,5.312
2002,Male,10-14,0.0,87.0,0.0,293980.0,41.0,51.0,12936.6928204482,8.78642941,3.812
2002,Female,15-19,0.0,87.0,0.0,310757.0,3231.0,3410.0,12936.6928204482,8.78642941,5.312
2002,Male,15-19,0.0,253.0,0.0,324889.0,3231.0,3410.0,12936.6928204482,8.78642941,3.812
2002,Female,20-24,0.0,143.0,0.0,372466.0,9917.0,10650.0,12936.6928204482,8.78642941,5.312
2002,Male,20-24,0.0,455.0,0.0,378989.0,9917.0,10650.0,12936.6928204482,8.78642941,3.812
2002,Female,25-29,0.0,196.0,0.0,415279.0,18402.0,19885.0,12936.6928204482,8.78642941,5.312
2002,Male,25-29,0.0,636.0,0.0,416632.0,18402.0,19885.0,12936.6928204482,8.78642941,3.812
2002,Female,30-34,0.0,254.0,0.0,391411.0,15485.0,16875.0,12936.6928204482,8.78642941,5.312
2002,Male,30-34,0.0,752.0,0.0,387819.0,15485.0,16875.0,12936.6928204482,8.78642941,3.812
2002,Female,35-39,0.0,352.0,0.0,393602.0,6677.0,7080.0,12936.6928204482,8.78642941,5.312
2002,Male,35-39,0.0,1014.0,0.0,379610.0,6677.0,7080.0,12936.6928204482,8.78642941,3.812
2002,Female,40-44,0.0,539.0,0.0,382535.0,1274.0,1308.0,12936.6928204482,8.78642941,5.312
2002,Male,40-44,0.0,1372.0,0.0,367128.0,1274.0,1308.0,12936.6928204482,8.78642941,3.812
2002,Female,45-49,0.0,740.0,0.0,356455.0,73.0,79.0,12936.6928204482,8.78642941,5.312
2002,Male,45-49,0.0,1677.0,0.0,338024.0,73.0,79.0,12936.6928204482,8.78642941,3.812
2002,Female,5-9,0.0,49.0,0.0,264602.0,0.0,0.0,12936.6928204482,8.78642941,5.312
2002,Male,5-9,0.0,61.0,0.0,281087.0,0.0,0.0,12936.6928204482,8.78642941,3.812
2002,Female,50-54,0.0,972.0,0.0,345665.0,0.0,0.0,12936.6928204482,8.78642941,5.312
2002,Male,50-54,0.0,2075.0,0.0,322954.0,0.0,0.0,12936.6928204482,8.78642941,3.812
2002,Female,55-59,0.0,1277.0,0.0,313760.0,0.0,0.0,12936.6928204482,8.78642941,5.312
2002,Male,55-59,0.0,2558.0,0.0,278389.0,0.0,0.0,12936.6928204482,8.78642941,3.812
2002,Female,60-64,0.0,1851.0,0.0,286703.0,0.0,0.0,12936.6928204482,8.78642941,5.312
2002,Male,60-64,0.0,3506.0,0.0,249532.0,0.0,0.0,12936.6928204482,8.78642941,3.812
2002,Female,65-69,0.0,2971.0,0.0,294038.0,0.0,0.0,12936.6928204482,8.78642941,5.312
2002,Male,65-69,0.0,5555.0,0.0,242408.0,0.0,0.0,12936.6928204482,8.78642941,3.812
2002,Female,70-74,0.0,4996.0,0.0,264688.0,0.0,0.0,12936.6928204482,8.78642941,5.312
2002,Male,70-74,0.0,7450.0,0.0,204413.0,0.0,0.0,12936.6928204482,8.78642941,3.812
2002,Female,75-79,0.0,7981.0,0.0,213573.0,0.0,0.0,12936.6928204482,8.78642941,5.312
2002,Male,75-79,0.0,9308.0,0.0,147318.0,0.0,0.0,12936.6928204482,8.78642941,3.812
2002,Female,80-84,0.0,9649.0,0.0,136120.0,0.0,0.0,12936.6928204482,8.78642941,5.312
2002,Male,80-84,0.0,8453.0,0.0,83429.0,0.0,0.0,12936.6928204482,8.78642941,3.812
2002,Female,85+,0.0,18559.0,0.0,112814.0,0.0,0.0,12936.6928204482,8.78642941,5.312
2002,Male,85+,0.0,10054.0,0.0,50431.0,0.0,0.0,12936.6928204482,8.78642941,3.812
2003,Female,0-4,0.0,292.0,0.0,273496.0,0.0,0.0,15797.7821340276,9.12415695,7.253
2003,Male,0-4,0.0,307.0,0.0,291373.0,0.0,0.0,15797.7821340276,9.12415695,5.163
2003,Female,10-14,0.0,55.0,0.0,279512.0,39.0,37.0,15797.7821340276,9.12415695,7.253
2003,Male,10-14,0.0,68.0,0.0,292885.0,39.0,37.0,15797.7821340276,9.12415695,5.163
2003,Female,15-19,0.0,87.0,0.0,300064.0,2921.0,3147.0,15797.7821340276,9.12415695,7.253
2003,Male,15-19,0.0,215.0,0.0,313853.0,2921.0,3147.0,15797.7821340276,9.12415695,5.163
2003,Female,20-24,0.0,147.0,0.0,362697.0,9168.0,9803.0,15797.7821340276,9.12415695,7.253
2003,Male,20-24,0.0,421.0,0.0,369734.0,9168.0,9803.0,15797.7821340276,9.12415695,5.163
2003,Female,25-29,0.0,216.0,0.0,413898.0,17858.0,19223.0,15797.7821340276,9.12415695,7.253
2003,Male,25-29,0.0,566.0,0.0,413873.0,17858.0,19223.0,15797.7821340276,9.12415695,5.163
2003,Female,30-34,0.0,243.0,0.0,397990.0,16172.0,17264.0,15797.7821340276,9.12415695,7.253
2003,Male,30-34,0.0,766.0,0.0,392277.0,16172.0,17264.0,15797.7821340276,9.12415695,5.163
2003,Female,35-39,0.0,351.0,0.0,392922.0,6844.0,7208.0,15797.7821340276,9.12415695,7.253
2003,Male,35-39,0.0,934.0,0.0,380029.0,6844.0,7208.0,15797.7821340276,9.12415695,5.163
2003,Female,40-44,0.0,493.0,0.0,387642.0,1269.0,1484.0,15797.7821340276,9.12415695,7.253
2003,Male,40-44,0.0,1285.0,0.0,371385.0,1269.0,1484.0,15797.7821340276,9.12415695,5.163
2003,Female,45-49,0.0,714.0,0.0,362575.0,69.0,77.0,15797.7821340276,9.12415695,7.253
2003,Male,45-49,0.0,1702.0,0.0,343946.0,69.0,77.0,15797.7821340276,9.12415695,5.163
2003,Female,5-9,0.0,43.0,0.0,263648.0,0.0,0.0,15797.7821340276,9.12415695,7.253
2003,Male,5-9,0.0,62.0,0.0,279927.0,0.0,0.0,15797.7821340276,9.12415695,5.163
2003,Female,50-54,0.0,974.0,0.0,345127.0,0.0,0.0,15797.7821340276,9.12415695,7.253
2003,Male,50-54,0.0,2098.0,0.0,322825.0,0.0,0.0,15797.7821340276,9.12415695,5.163
2003,Female,55-59,0.0,1317.0,0.0,323599.0,0.0,0.0,15797.7821340276,9.12415695,7.253
2003,Male,55-59,0.0,2586.0,0.0,287636.0,0.0,0.0,15797.7821340276,9.12415695,5.163
2003,Female,60-64,0.0,1785.0,0.0,287062.0,0.0,0.0,15797.7821340276,9.12415695,7.253
2003,Male,60-64,0.0,3468.0,0.0,249141.0,0.0,0.0,15797.7821340276,9.12415695,5.163
2003,Female,65-69,0.0,2996.0,0.0,293049.0,0.0,0.0,15797.7821340276,9.12415695,7.253
2003,Male,65-69,0.0,5421.0,0.0,242669.0,0.0,0.0,15797.7821340276,9.12415695,5.163
2003,Female,70-74,0.0,5157.0,0.0,268674.0,0.0,0.0,15797.7821340276,9.12415695,7.253
2003,Male,70-74,0.0,7519.0,0.0,207752.0,0.0,0.0,15797.7821340276,9.12415695,5.163
2003,Female,75-79,0.0,8242.0,0.0,217909.0,0.0,0.0,15797.7821340276,9.12415695,7.253
2003,Male,75-79,0.0,9416.0,0.0,149869.0,0.0,0.0,15797.7821340276,9.12415695,5.163
2003,Female,80-84,0.0,10321.0,0.0,144604.0,0.0,0.0,15797.7821340276,9.12415695,7.253
2003,Male,80-84,0.0,9041.0,0.0,87843.0,0.0,0.0,15797.7821340276,9.12415695,5.163
2003,Female,85+,0.0,19489.0,0.0,111253.0,0.0,0.0,15797.7821340276,9.12415695,7.253
2003,Male,85+,0.0,10351.0,0.0,50312.0,0.0,0.0,15797.7821340276,9.12415695,5.163
2004,Female,0-4,0.0,230.0,0.0,270894.0,0.0,0.0,18064.1580932987,9.5325079,7.18
2004,Male,0-4,0.0,340.0,0.0,288223.0,0.0,0.0,18064.1580932987,9.5325079,5.576
2004,Female,10-14,0.0,53.0,0.0,276719.0,33.0,39.0,18064.1580932987,9.5325079,7.18
2004,Male,10-14,0.0,55.0,0.0,291111.0,33.0,39.0,18064.1580932987,9.5325079,5.576
2004,Female,15-19,0.0,88.0,0.0,290040.0,2828.0,2919.0,18064.1580932987,9.5325079,7.18
2004,Male,15-19,0.0,189.0,0.0,303392.0,2828.0,2919.0,18064.1580932987,9.5325079,5.576
2004,Female,20-24,0.0,108.0,0.0,352376.0,8480.0,9016.0,18064.1580932987,9.5325079,7.18
2004,Male,20-24,0.0,378.0,0.0,360044.0,8480.0,9016.0,18064.1580932987,9.5325079,5.576
2004,Female,25-29,0.0,164.0,0.0,406068.0,17147.0,17914.0,18064.1580932987,9.5325079,7.18
2004,Male,25-29,0.0,539.0,0.0,405381.0,17147.0,17914.0,18064.1580932987,9.5325079,5.576
2004,Female,30-34,0.0,249.0,0.0,406480.0,16221.0,17523.0,18064.1580932987,9.5325079,7.18
2004,Male,30-34,0.0,682.0,0.0,399000.0,16221.0,17523.0,18064.1580932987,9.5325079,5.576
2004,Female,35-39,0.0,323.0,0.0,390170.0,6898.0,7266.0,18064.1580932987,9.5325079,7.18
2004,Male,35-39,0.0,898.0,0.0,378292.0,6898.0,7266.0,18064.1580932987,9.5325079,5.576
2004,Female,40-44,0.0,478.0,0.0,394630.0,1408.0,1461.0,18064.1580932987,9.5325079,7.18
2004,Male,40-44,0.0,1253.0,0.0,377206.0,1408.0,1461.0,18064.1580932987,9.5325079,5.576
2004,Female,45-49,0.0,679.0,0.0,367200.0,94.0,96.0,18064.1580932987,9.5325079,7.18
2004,Male,45-49,0.0,1628.0,0.0,348118.0,94.0,96.0,18064.1580932987,9.5325079,5.576
2004,Female,5-9,0.0,40.0,0.0,266803.0,0.0,0.0,18064.1580932987,9.5325079,7.18
2004,Male,5-9,0.0,58.0,0.0,282002.0,0.0,0.0,18064.1580932987,9.5325079,5.576
2004,Female,50-54,0.0,926.0,0.0,348333.0,0.0,0.0,18064.1580932987,9.5325079,7.18
2004,Male,50-54,0.0,2062.0,0.0,325084.0,0.0,0.0,18064.1580932987,9.5325079,5.576
2004,Female,55-59,0.0,1268.0,0.0,328231.0,0.0,0.0,18064.1580932987,9.5325079,7.18
2004,Male,55-59,0.0,2493.0,0.0,294771.0,0.0,0.0,18064.1580932987,9.5325079,5.576
2004,Female,60-64,0.0,1654.0,0.0,289789.0,0.0,0.0,18064.1580932987,9.5325079,7.18
2004,Male,60-64,0.0,3328.0,0.0,250876.0,0.0,0.0,18064.1580932987,9.5325079,5.576
2004,Female,65-69,0.0,2862.0,0.0,293120.0,0.0,0.0,18064.1580932987,9.5325079,7.18
2004,Male,65-69,0.0,4982.0,0.0,242968.0,0.0,0.0,18064.1580932987,9.5325079,5.576
2004,Female,70-74,0.0,4744.0,0.0,273181.0,0.0,0.0,18064.1580932987,9.5325079,7.18
2004,Male,70-74,0.0,7145.0,0.0,211173.0,0.0,0.0,18064.1580932987,9.5325079,5.576
2004,Female,75-79,0.0,7423.0,0.0,220766.0,0.0,0.0,18064.1580932987,9.5325079,7.18
2004,Male,75-79,0.0,8888.0,0.0,151406.0,0.0,0.0,18064.1580932987,9.5325079,5.576
2004,Female,80-84,0.0,10016.0,0.0,153607.0,0.0,0.0,18064.1580932987,9.5325079,7.18
2004,Male,80-84,0.0,8982.0,0.0,93332.0,0.0,0.0,18064.1580932987,9.5325079,5.576
2004,Female,85+,0.0,17596.0,0.0,112543.0,0.0,0.0,18064.1580932987,9.5325079,7.18
2004,Male,85+,0.0,9570.0,0.0,51343.0,0.0,0.0,18064.1580932987,9.5325079,5.576
2005,Female,0-4,0.0,219.0,0.0,266718.0,0.0,0.0,18780.12751241,9.65306759,8.633
2005,Male,0-4,0.0,264.0,0.0,283539.0,0.0,0.0,18780.12751241,9.65306759,6.654
2005,Female,10-14,0.0,32.0,0.0,273338.0,29.0,43.0,18780.12751241,9.65306759,8.633
2005,Male,10-14,0.0,53.0,0.0,288455.0,29.0,43.0,18780.12751241,9.65306759,6.654
2005,Female,15-19,0.0,76.0,0.0,285901.0,2625.0,2822.0,18780.12751241,9.65306759,8.633
2005,Male,15-19,0.0,218.0,0.0,298901.0,2625.0,2822.0,18780.12751241,9.65306759,6.654
2005,Female,20-24,0.0,117.0,0.0,336869.0,8118.0,8656.0,18780.12751241,9.65306759,8.633
2005,Male,20-24,0.0,351.0,0.0,345738.0,8118.0,8656.0,18780.12751241,9.65306759,6.654
2005,Female,25-29,0.0,151.0,0.0,397174.0,16287.0,17841.0,18780.12751241,9.65306759,8.633
2005,Male,25-29,0.0,441.0,0.0,394939.0,16287.0,17841.0,18780.12751241,9.65306759,6.654
2005,Female,30-34,0.0,231.0,0.0,414319.0,17073.0,18089.0,18780.12751241,9.65306759,8.633
2005,Male,30-34,0.0,711.0,0.0,405864.0,17073.0,18089.0,18780.12751241,9.65306759,6.654
2005,Female,35-39,0.0,326.0,0.0,390325.0,7152.0,7603.0,18780.12751241,9.65306759,8.633
2005,Male,35-39,0.0,887.0,0.0,379098.0,7152.0,7603.0,18780.12751241,9.65306759,6.654
2005,Female,40-44,0.0,484.0,0.0,397618.0,1454.0,1496.0,18780.12751241,9.65306759,8.633
2005,Male,40-44,0.0,1266.0,0.0,378886.0,1454.0,1496.0,18780.12751241,9.65306759,6.654
2005,Female,45-49,0.0,721.0,0.0,372270.0,70.0,88.0,18780.12751241,9.65306759,8.633
2005,Male,45-49,0.0,1593.0,0.0,354182.0,70.0,88.0,18780.12751241,9.65306759,6.654
2005,Female,5-9,0.0,38.0,0.0,271001.0,0.0,0.0,18780.12751241,9.65306759,8.633
2005,Male,5-9,0.0,61.0,0.0,285929.0,0.0,0.0,18780.12751241,9.65306759,6.654
2005,Female,50-54,0.0,957.0,0.0,352639.0,0.0,0.0,18780.12751241,9.65306759,8.633
2005,Male,50-54,0.0,2119.0,0.0,327869.0,0.0,0.0,18780.12751241,9.65306759,6.654
2005,Female,55-59,0.0,1250.0,0.0,330719.0,0.0,0.0,18780.12751241,9.65306759,8.633
2005,Male,55-59,0.0,2737.0,0.0,300090.0,0.0,0.0,18780.12751241,9.65306759,6.654
2005,Female,60-64,0.0,1670.0,0.0,298171.0,0.0,0.0,18780.12751241,9.65306759,8.633
2005,Male,60-64,0.0,3278.0,0.0,256800.0,0.0,0.0,18780.12751241,9.65306759,6.654
2005,Female,65-69,0.0,2887.0,0.0,288766.0,0.0,0.0,18780.12751241,9.65306759,8.633
2005,Male,65-69,0.0,5053.0,0.0,240081.0,0.0,0.0,18780.12751241,9.65306759,6.654
2005,Female,70-74,0.0,4779.0,0.0,276337.0,0.0,0.0,18780.12751241,9.65306759,8.633
2005,Male,70-74,0.0,7223.0,0.0,214072.0,0.0,0.0,18780.12751241,9.65306759,6.654
2005,Female,75-79,0.0,7856.0,0.0,225518.0,0.0,0.0,18780.12751241,9.65306759,8.633
2005,Male,75-79,0.0,9232.0,0.0,154774.0,0.0,0.0,18780.12751241,9.65306759,6.654
2005,Female,80-84,0.0,10885.0,0.0,157696.0,0.0,0.0,18780.12751241,9.65306759,8.633
2005,Male,80-84,0.0,9714.0,0.0,95730.0,0.0,0.0,18780.12751241,9.65306759,6.654
2005,Female,85+,0.0,19407.0,0.0,117796.0,0.0,0.0,18780.12751241,9.65306759,8.633
2005,Male,85+,0.0,10552.0,0.0,53866.0,0.0,0.0,18780.12751241,9.65306759,6.654
2006,Female,0-4,0.0,192.0,0.0,263564.0,0.0,0.0,19839.4540499032,9.35422611,8.905
2006,Male,0-4,0.0,279.0,0.0,279141.0,0.0,0.0,19839.4540499032,9.35422611,6.535
2006,Female,10-14,0.0,30.0,0.0,270096.0,36.0,37.0,19839.4540499032,9.35422611,8.905
2006,Male,10-14,0.0,66.0,0.0,285356.0,36.0,37.0,19839.4540499032,9.35422611,6.535
2006,Female,15-19,0.0,71.0,0.0,284277.0,2312.0,2520.0,19839.4540499032,9.35422611,8.905
2006,Male,15-19,0.0,180.0,0.0,297755.0,2312.0,2520.0,19839.4540499032,9.35422611,6.535
2006,Female,20-24,0.0,89.0,0.0,323098.0,7619.0,7845.0,19839.4540499032,9.35422611,8.905
2006,Male,20-24,0.0,305.0,0.0,332709.0,7619.0,7845.0,19839.4540499032,9.35422611,6.535
2006,Female,25-29,0.0,133.0,0.0,383818.0,15513.0,16153.0,19839.4540499032,9.35422611,8.905
2006,Male,25-29,0.0,378.0,0.0,381679.0,15513.0,16153.0,19839.4540499032,9.35422611,6.535
2006,Female,30-34,0.0,201.0,0.0,420106.0,16974.0,18134.0,19839.4540499032,9.35422611,8.905
2006,Male,30-34,0.0,590.0,0.0,410616.0,16974.0,18134.0,19839.4540499032,9.35422611,6.535
2006,Female,35-39,0.0,337.0,0.0,393872.0,7424.0,7719.0,19839.4540499032,9.35422611,8.905
2006,Male,35-39,0.0,853.0,0.0,382728.0,7424.0,7719.0,19839.4540499032,9.35422611,6.535
2006,Female,40-44,0.0,468.0,0.0,399077.0,1472.0,1591.0,19839.4540499032,9.35422611,8.905
2006,Male,40-44,0.0,1252.0,0.0,380124.0,1472.0,1591.0,19839.4540499032,9.35422611,6.535
2006,Female,45-49,0.0,626.0,0.0,379956.0,70.0,85.0,19839.4540499032,9.35422611,8.905
2006,Male,45-49,0.0,1682.0,0.0,360529.0,70.0,85.0,19839.4540499032,9.35422611,6.535
2006,Female,5-9,0.0,39.0,0.0,272278.0,0.0,0.0,19839.4540499032,9.35422611,8.905
2006,Male,5-9,0.0,45.0,0.0,286553.0,0.0,0.0,19839.4540499032,9.35422611,6.535
2006,Female,50-54,0.0,854.0,0.0,354802.0,0.0,0.0,19839.4540499032,9.35422611,8.905
2006,Male,50-54,0.0,2078.0,0.0,329293.0,0.0,0.0,19839.4540499032,9.35422611,6.535
2006,Female,55-59,0.0,1174.0,0.0,337187.0,0.0,0.0,19839.4540499032,9.35422611,8.905
2006,Male,55-59,0.0,2710.0,0.0,308172.0,0.0,0.0,19839.4540499032,9.35422611,6.535
2006,Female,60-64,0.0,1701.0,0.0,305432.0,0.0,0.0,19839.4540499032,9.35422611,8.905
2006,Male,60-64,0.0,3262.0,0.0,262691.0,0.0,0.0,19839.4540499032,9.35422611,6.535
2006,Female,65-69,0.0,2484.0,0.0,283100.0,0.0,0.0,19839.4540499032,9.35422611,8.905
2006,Male,65-69,0.0,4751.0,0.0,235267.0,0.0,0.0,19839.4540499032,9.35422611,6.535
2006,Female,70-74,0.0,4480.0,0.0,279910.0,0.0,0.0,19839.4540499032,9.35422611,8.905
2006,Male,70-74,0.0,6890.0,0.0,215971.0,0.0,0.0,19839.4540499032,9.35422611,6.535
2006,Female,75-79,0.0,7043.0,0.0,229770.0,0.0,0.0,19839.4540499032,9.35422611,8.905
2006,Male,75-79,0.0,8813.0,0.0,159723.0,0.0,0.0,19839.4540499032,9.35422611,6.535
2006,Female,80-84,0.0,10077.0,0.0,164233.0,0.0,0.0,19839.4540499032,9.35422611,8.905
2006,Male,80-84,0.0,9292.0,0.0,98612.0,0.0,0.0,19839.4540499032,9.35422611,6.535
2006,Female,85+,0.0,18619.0,0.0,123617.0,0.0,0.0,19839.4540499032,9.35422611,8.905
2006,Male,85+,0.0,10292.0,0.0,57476.0,0.0,0.0,19839.4540499032,9.35422611,6.535
2007,Female,0-4,0.0,208.0,0.0,258740.0,0.0,0.0,22811.0564844365,9.25186634,9.492
2007,Male,0-4,0.0,235.0,0.0,273077.0,0.0,0.0,22811.0564844365,9.25186634,6.597
2007,Female,10-14,0.0,46.0,0.0,268509.0,38.0,32.0,22811.0564844365,9.25186634,9.492
2007,Male,10-14,0.0,42.0,0.0,283399.0,38.0,32.0,22811.0564844365,9.25186634,6.597
2007,Female,15-19,0.0,59.0,0.0,284330.0,2361.0,2415.0,22811.0564844365,9.25186634,9.492
2007,Male,15-19,0.0,156.0,0.0,296888.0,2361.0,2415.0,22811.0564844365,9.25186634,6.597
2007,Female,20-24,0.0,104.0,0.0,309908.0,6974.0,7432.0,22811.0564844365,9.25186634,9.492
2007,Male,20-24,0.0,288.0,0.0,320029.0,6974.0,7432.0,22811.0564844365,9.25186634,6.597
2007,Female,25-29,0.0,119.0,0.0,371560.0,14404.0,15157.0,22811.0564844365,9.25186634,9.492
2007,Male,25-29,0.0,371.0,0.0,368655.0,14404.0,15157.0,22811.0564844365,9.25186634,6.597
2007,Female,30-34,0.0,196.0,0.0,422677.0,16938.0,18047.0,22811.0564844365,9.25186634,9.492
2007,Male,30-34,0.0,555.0,0.0,412695.0,16938.0,18047.0,22811.0564844365,9.25186634,6.597
2007,Female,35-39,0.0,315.0,0.0,399716.0,7617.0,8068.0,22811.0564844365,9.25186634,9.492
2007,Male,35-39,0.0,781.0,0.0,388216.0,7617.0,8068.0,22811.0564844365,9.25186634,6.597
2007,Female,40-44,0.0,467.0,0.0,399476.0,1447.0,1513.0,22811.0564844365,9.25186634,9.492
2007,Male,40-44,0.0,1130.0,0.0,380210.0,1447.0,1513.0,22811.0564844365,9.25186634,6.597
2007,Female,45-49,0.0,694.0,0.0,386118.0,64.0,54.0,22811.0564844365,9.25186634,9.492
2007,Male,45-49,0.0,1602.0,0.0,365464.0,64.0,54.0,22811.0564844365,9.25186634,6.597
2007,Female,5-9,0.0,23.0,0.0,272560.0,0.0,0.0,22811.0564844365,9.25186634,9.492
2007,Male,5-9,0.0,43.0,0.0,287550.0,0.0,0.0,22811.0564844365,9.25186634,6.597
2007,Female,50-54,0.0,877.0,0.0,358100.0,0.0,0.0,22811.0564844365,9.25186634,9.492
2007,Male,50-54,0.0,2156.0,0.0,333584.0,0.0,0.0,22811.0564844365,9.25186634,6.597
2007,Female,55-59,0.0,1204.0,0.0,345484.0,0.0,0.0,22811.0564844365,9.25186634,9.492
2007,Male,55-59,0.0,2632.0,0.0,315649.0,0.0,0.0,22811.0564844365,9.25186634,6.597
2007,Female,60-64,0.0,1584.0,0.0,311999.0,0.0,0.0,22811.0564844365,9.25186634,9.492
2007,Male,60-64,0.0,3383.0,0.0,268386.0,0.0,0.0,22811.0564844365,9.25186634,6.597
2007,Female,65-69,0.0,2493.0,0.0,280872.0,0.0,0.0,22811.0564844365,9.25186634,9.492
2007,Male,65-69,0.0,4479.0,0.0,233936.0,0.0,0.0,22811.0564844365,9.25186634,6.597
2007,Female,70-74,0.0,4391.0,0.0,279338.0,0.0,0.0,22811.0564844365,9.25186634,9.492
2007,Male,70-74,0.0,6764.0,0.0,215296.0,0.0,0.0,22811.0564844365,9.25186634,6.597
2007,Female,75-79,0.0,7158.0,0.0,236856.0,0.0,0.0,22811.0564844365,9.25186634,9.492
2007,Male,75-79,0.0,8633.0,0.0,165577.0,0.0,0.0,22811.0564844365,9.25186634,6.597
2007,Female,80-84,0.0,10461.0,0.0,169188.0,0.0,0.0,22811.0564844365,9.25186634,9.492
2007,Male,80-84,0.0,9575.0,0.0,100968.0,0.0,0.0,22811.0564844365,9.25186634,6.597
2007,Female,85+,0.0,19842.0,0.0,128161.0,0.0,0.0,22811.0564844365,9.25186634,9.492
2007,Male,85+,0.0,10803.0,0.0,60168.0,0.0,0.0,22811.0564844365,9.25186634,6.597
2008,Female,0-4,863.0,194.0,1215.0,255101.0,0.0,0.0,24949.0413566739,9.58307838,8.751
2008,Male,0-4,614.0,235.0,1122.0,268170.0,0.0,0.0,24949.0413566739,9.58307838,6.475
2008,Female,10-14,1026.0,49.0,103.0,267459.0,39.0,38.0,24949.0413566739,9.58307838,8.751
2008,Male,10-14,699.0,46.0,96.0,282101.0,39.0,38.0,24949.0413566739,9.58307838,6.475
2008,Female,15-19,1375.0,57.0,652.0,283674.0,2090.0,2388.0,24949.0413566739,9.58307838,8.751
2008,Male,15-19,862.0,142.0,599.0,295167.0,2090.0,2388.0,24949.0413566739,9.58307838,6.475
2008,Female,20-24,2261.0,90.0,2286.0,300409.0,6819.0,7506.0,24949.0413566739,9.58307838,8.751
2008,Male,20-24,1423.0,237.0,2107.0,308587.0,6819.0,7506.0,24949.0413566739,9.58307838,6.475
2008,Female,25-29,2460.0,121.0,2798.0,360022.0,13963.0,14936.0,24949.0413566739,9.58307838,8.751
2008,Male,25-29,1623.0,339.0,2579.0,356187.0,13963.0,14936.0,24949.0413566739,9.58307838,6.475
2008,Female,30-34,2002.0,212.0,1626.0,419088.0,17541.0,18361.0,24949.0413566739,9.58307838,8.751
2008,Male,30-34,1402.0,522.0,1498.0,406879.0,17541.0,18361.0,24949.0413566739,9.58307838,6.475
2008,Female,35-39,1530.0,278.0,787.0,406154.0,8205.0,8588.0,24949.0413566739,9.58307838,8.751
2008,Male,35-39,1164.0,688.0,725.0,392444.0,8205.0,8588.0,24949.0413566739,9.58307838,6.475
2008,Female,40-44,1092.0,460.0,452.0,398779.0,1480.0,1615.0,24949.0413566739,9.58307838,8.751
2008,Male,40-44,912.0,1079.0,416.0,380332.0,1480.0,1615.0,24949.0413566739,9.58307838,6.475
2008,Female,45-49,797.0,700.0,124.0,391398.0,76.0,86.0,24949.0413566739,9.58307838,8.751
2008,Male,45-49,683.0,1600.0,113.0,369880.0,76.0,86.0,24949.0413566739,9.58307838,6.475
2008,Female,5-9,1019.0,27.0,547.0,271839.0,0.0,0.0,24949.0413566739,9.58307838,8.751
2008,Male,5-9,717.0,38.0,505.0,286315.0,0.0,0.0,24949.0413566739,9.58307838,6.475
2008,Female,50-54,651.0,857.0,4.0,364442.0,0.0,0.0,24949.0413566739,9.58307838,8.751
2008,Male,50-54,509.0,2156.0,3.0,339536.0,0.0,0.0,24949.0413566739,9.58307838,6.475
2008,Female,55-59,649.0,1250.0,0.0,345246.0,0.0,0.0,24949.0413566739,9.58307838,8.751
2008,Male,55-59,467.0,2646.0,0.0,315690.0,0.0,0.0,24949.0413566739,9.58307838,6.475
2008,Female,60-64,758.0,1594.0,0.0,322217.0,0.0,0.0,24949.0413566739,9.58307838,8.751
2008,Male,60-64,636.0,3325.0,0.0,277595.0,0.0,0.0,24949.0413566739,9.58307838,6.475
2008,Female,65-69,456.0,2407.0,0.0,281658.0,0.0,0.0,24949.0413566739,9.58307838,8.751
2008,Male,65-69,423.0,4351.0,0.0,234302.0,0.0,0.0,24949.0413566739,9.58307838,6.475
2008,Female,70-74,203.0,4256.0,0.0,279128.0,0.0,0.0,24949.0413566739,9.58307838,8.751
2008,Male,70-74,152.0,6528.0,0.0,216697.0,0.0,0.0,24949.0413566739,9.58307838,6.475
2008,Female,75-79,104.0,7151.0,0.0,241963.0,0.0,0.0,24949.0413566739,9.58307838,8.751
2008,Male,75-79,61.0,8856.0,0.0,169587.0,0.0,0.0,24949.0413566739,9.58307838,6.475
2008,Female,80-84,58.0,10436.0,0.0,174627.0,0.0,0.0,24949.0413566739,9.58307838,8.751
2008,Male,80-84,25.0,9671.0,0.0,103806.0,0.0,0.0,24949.0413566739,9.58307838,6.475
2008,Female,85+,30.0,20699.0,0.0,133571.0,0.0,0.0,24949.0413566739,9.58307838,8.751
2008,Male,85+,12.0,11450.0,0.0,62964.0,0.0,0.0,24949.0413566739,9.58307838,6.475
2009,Female,0-4,938.0,191.0,1011.0,250918.0,0.0,0.0,23151.2154130712,10.13070393,10.092
2009,Male,0-4,668.0,264.0,930.0,262493.0,0.0,0.0,23151.2154130712,10.13070393,8.828
2009,Female,10-14,1114.0,32.0,84.0,271007.0,31.0,32.0,23151.2154130712,10.13070393,10.092
2009,Male,10-14,760.0,41.0,78.0,284370.0,31.0,32.0,23151.2154130712,10.13070393,8.828
2009,Female,15-19,1495.0,58.0,542.0,281288.0,2157.0,2130.0,23151.2154130712,10.13070393,10.092
2009,Male,15-19,936.0,135.0,497.0,292970.0,2157.0,2130.0,23151.2154130712,10.13070393,8.828
2009,Female,20-24,2457.0,91.0,1901.0,292602.0,6492.0,6881.0,23151.2154130712,10.13070393,10.092
2009,Male,20-24,1547.0,232.0,1748.0,299195.0,6492.0,6881.0,23151.2154130712,10.13070393,8.828
2009,Female,25-29,2668.0,105.0,2326.0,349698.0,13211.0,13785.0,23151.2154130712,10.13070393,10.092
2009,Male,25-29,1765.0,300.0,2139.0,344969.0,13211.0,13785.0,23151.2154130712,10.13070393,8.828
2009,Female,30-34,2177.0,184.0,1351.0,410001.0,16778.0,17700.0,23151.2154130712,10.13070393,10.092
2009,Male,30-34,1523.0,442.0,1242.0,396956.0,16778.0,17700.0,23151.2154130712,10.13070393,8.828
2009,Female,35-39,1663.0,328.0,654.0,415113.0,8322.0,8697.0,23151.2154130712,10.13070393,10.092
2009,Male,35-39,1265.0,685.0,602.0,398779.0,8322.0,8697.0,23151.2154130712,10.13070393,8.828
2009,Female,40-44,1186.0,464.0,376.0,396620.0,1581.0,1596.0,23151.2154130712,10.13070393,10.092
2009,Male,40-44,993.0,1038.0,344.0,379027.0,1581.0,1596.0,23151.2154130712,10.13070393,8.828
2009,Female,45-49,867.0,696.0,102.0,398926.0,91.0,88.0,23151.2154130712,10.13070393,10.092
2009,Male,45-49,742.0,1581.0,94.0,375975.0,91.0,88.0,23151.2154130712,10.13070393,8.828
2009,Female,5-9,1110.0,26.0,455.0,267758.0,0.0,0.0,23151.2154130712,10.13070393,10.092
2009,Male,5-9,778.0,35.0,417.0,281447.0,0.0,0.0,23151.2154130712,10.13070393,8.828
2009,Female,50-54,709.0,972.0,4.0,369497.0,0.0,0.0,23151.2154130712,10.13070393,10.092
2009,Male,50-54,553.0,2155.0,2.0,344096.0,0.0,0.0,23151.2154130712,10.13070393,8.828
2009,Female,55-59,703.0,1158.0,0.0,349073.0,0.0,0.0,23151.2154130712,10.13070393,10.092
2009,Male,55-59,508.0,2636.0,0.0,318131.0,0.0,0.0,23151.2154130712,10.13070393,8.828
2009,Female,60-64,826.0,1718.0,0.0,327290.0,0.0,0.0,23151.2154130712,10.13070393,10.092
2009,Male,60-64,690.0,3439.0,0.0,284884.0,0.0,0.0,23151.2154130712,10.13070393,8.828
2009,Female,65-69,497.0,2369.0,0.0,285011.0,0.0,0.0,23151.2154130712,10.13070393,10.092
2009,Male,65-69,461.0,4285.0,0.0,236721.0,0.0,0.0,23151.2154130712,10.13070393,8.828
2009,Female,70-74,223.0,4099.0,0.0,280014.0,0.0,0.0,23151.2154130712,10.13070393,10.092
2009,Male,70-74,166.0,6332.0,0.0,217854.0,0.0,0.0,23151.2154130712,10.13070393,8.828
2009,Female,75-79,114.0,6964.0,0.0,247301.0,0.0,0.0,23151.2154130712,10.13070393,10.092
2009,Male,75-79,66.0,8643.0,0.0,173768.0,0.0,0.0,23151.2154130712,10.13070393,8.828
2009,Female,80-84,63.0,10663.0,0.0,177892.0,0.0,0.0,23151.2154130712,10.13070393,10.092
2009,Male,80-84,28.0,9569.0,0.0,105620.0,0.0,0.0,23151.2154130712,10.13070393,8.828
2009,Female,85+,35.0,21149.0,0.0,139725.0,0.0,0.0,23151.2154130712,10.13070393,10.092
2009,Male,85+,13.0,11855.0,0.0,66490.0,0.0,0.0,23151.2154130712,10.13070393,8.828
2010,Female,0-4,801.0,166.0,1425.0,244507.0,0.0,0.0,22551.935098809,10.03250504,11.864
2010,Male,0-4,570.0,164.0,1305.0,255047.0,0.0,0.0,22551.935098809,10.03250504,9.757
2010,Female,10-14,952.0,24.0,121.0,275394.0,26.0,30.0,22551.935098809,10.03250504,11.864
2010,Male,10-14,648.0,48.0,111.0,288214.0,26.0,30.0,22551.935098809,10.03250504,9.757
2010,Female,15-19,1275.0,54.0,761.0,277737.0,1958.0,2041.0,22551.935098809,10.03250504,11.864
2010,Male,15-19,799.0,106.0,699.0,289407.0,1958.0,2041.0,22551.935098809,10.03250504,9.757
2010,Female,20-24,2097.0,102.0,2677.0,289778.0,6572.0,6689.0,22551.935098809,10.03250504,11.864
2010,Male,20-24,1320.0,197.0,2450.0,294246.0,6572.0,6689.0,22551.935098809,10.03250504,9.757
2010,Female,25-29,2280.0,106.0,3276.0,334228.0,13165.0,13684.0,22551.935098809,10.03250504,11.864
2010,Male,25-29,1510.0,264.0,3000.0,328394.0,13165.0,13684.0,22551.935098809,10.03250504,9.757
2010,Female,30-34,1857.0,202.0,1902.0,399022.0,17308.0,17859.0,22551.935098809,10.03250504,11.864
2010,Male,30-34,1300.0,419.0,1742.0,382947.0,17308.0,17859.0,22551.935098809,10.03250504,9.757
2010,Female,35-39,1420.0,317.0,920.0,422760.0,9013.0,9388.0,22551.935098809,10.03250504,11.864
2010,Male,35-39,1080.0,656.0,845.0,404751.0,9013.0,9388.0,22551.935098809,10.03250504,9.757
2010,Female,40-44,1014.0,441.0,528.0,397097.0,1763.0,1824.0,22551.935098809,10.03250504,11.864
2010,Male,40-44,848.0,1060.0,485.0,379550.0,1763.0,1824.0,22551.935098809,10.03250504,9.757
2010,Female,45-49,740.0,671.0,145.0,402333.0,99.0,75.0,22551.935098809,10.03250504,11.864
2010,Male,45-49,633.0,1535.0,132.0,377868.0,99.0,75.0,22551.935098809,10.03250504,9.757
2010,Female,5-9,947.0,28.0,641.0,258588.0,0.0,0.0,22551.935098809,10.03250504,11.864
2010,Male,5-9,666.0,40.0,587.0,273423.0,0.0,0.0,22551.935098809,10.03250504,9.757
2010,Female,50-54,604.0,910.0,5.0,374990.0,0.0,0.0,22551.935098809,10.03250504,11.864
2010,Male,50-54,472.0,2094.0,3.0,350510.0,0.0,0.0,22551.935098809,10.03250504,9.757
2010,Female,55-59,601.0,1126.0,0.0,353767.0,0.0,0.0,22551.935098809,10.03250504,11.864
2010,Male,55-59,432.0,2755.0,0.0,320909.0,0.0,0.0,22551.935098809,10.03250504,9.757
2010,Female,60-64,705.0,1578.0,0.0,330326.0,0.0,0.0,22551.935098809,10.03250504,11.864
2010,Male,60-64,588.0,3422.0,0.0,290506.0,0.0,0.0,22551.935098809,10.03250504,9.757
2010,Female,65-69,424.0,2241.0,0.0,293862.0,0.0,0.0,22551.935098809,10.03250504,11.864
2010,Male,65-69,394.0,4308.0,0.0,242817.0,0.0,0.0,22551.935098809,10.03250504,9.757
2010,Female,70-74,189.0,4016.0,0.0,276571.0,0.0,0.0,22551.935098809,10.03250504,11.864
2010,Male,70-74,141.0,6296.0,0.0,216068.0,0.0,0.0,22551.935098809,10.03250504,9.757
2010,Female,75-79,97.0,6790.0,0.0,251413.0,0.0,0.0,22551.935098809,10.03250504,11.864
2010,Male,75-79,55.0,8621.0,0.0,177446.0,0.0,0.0,22551.935098809,10.03250504,9.757
2010,Female,80-84,53.0,10689.0,0.0,183441.0,0.0,0.0,22551.935098809,10.03250504,11.864
2010,Male,80-84,23.0,9586.0,0.0,109633.0,0.0,0.0,22551.935098809,10.03250504,9.757
2010,Female,85+,28.0,22354.0,0.0,153364.0,0.0,0.0,22551.935098809,10.03250504,11.864
2010,Male,85+,12.0,12821.0,0.0,71807.0,0.0,0.0,22551.935098809,10.03250504,9.757
2011,Female,0-4,281.0,154.0,164.0,241726.0,0.0,0.0,23246.5425416481,9.73071671,13.048
2011,Male,0-4,537.0,223.0,150.0,253015.0,0.0,0.0,23246.5425416481,9.73071671,12.347
2011,Female,10-14,414.0,15.0,363.0,274008.0,26.0,33.0,23246.5425416481,9.73071671,13.048
2011,Male,10-14,409.0,40.0,331.0,286701.0,26.0,33.0,23246.5425416481,9.73071671,12.347
2011,Female,15-19,688.0,61.0,1586.0,273233.0,1731.0,1878.0,23246.5425416481,9.73071671,13.048
2011,Male,15-19,790.0,105.0,1448.0,285216.0,1731.0,1878.0,23246.5425416481,9.73071671,12.347
2011,Female,20-24,1441.0,80.0,4040.0,286413.0,5735.0,5991.0,23246.5425416481,9.73071671,13.048
2011,Male,20-24,1496.0,186.0,3689.0,291603.0,5735.0,5991.0,23246.5425416481,9.73071671,12.347
2011,Female,25-29,1652.0,92.0,3925.0,320431.0,12024.0,12621.0,23246.5425416481,9.73071671,13.048
2011,Male,25-29,1557.0,229.0,3582.0,315494.0,12024.0,12621.0,23246.5425416481,9.73071671,12.347
2011,Female,30-34,1258.0,148.0,3639.0,383004.0,16546.0,17262.0,23246.5425416481,9.73071671,13.048
2011,Male,30-34,1250.0,380.0,3322.0,364878.0,16546.0,17262.0,23246.5425416481,9.73071671,12.347
2011,Female,35-39,566.0,243.0,2703.0,425938.0,9312.0,9959.0,23246.5425416481,9.73071671,13.048
2011,Male,35-39,949.0,609.0,2465.0,404052.0,9312.0,9959.0,23246.5425416481,9.73071671,12.347
2011,Female,40-44,387.0,430.0,1814.0,399315.0,1773.0,1934.0,23246.5425416481,9.73071671,13.048
2011,Male,40-44,777.0,924.0,1654.0,379955.0,1773.0,1934.0,23246.5425416481,9.73071671,12.347
2011,Female,45-49,387.0,633.0,1908.0,402266.0,90.0,76.0,23246.5425416481,9.73071671,13.048
2011,Male,45-49,608.0,1528.0,1739.0,375781.0,90.0,76.0,23246.5425416481,9.73071671,12.347
2011,Female,5-9,285.0,30.0,233.0,256417.0,0.0,0.0,23246.5425416481,9.73071671,13.048
2011,Male,5-9,452.0,37.0,212.0,270286.0,0.0,0.0,23246.5425416481,9.73071671,12.347
2011,Female,50-54,329.0,896.0,1400.0,381457.0,0.0,0.0,23246.5425416481,9.73071671,13.048
2011,Male,50-54,424.0,2222.0,1279.0,354152.0,0.0,0.0,23246.5425416481,9.73071671,12.347
2011,Female,55-59,286.0,1219.0,743.0,355065.0,0.0,0.0,23246.5425416481,9.73071671,13.048
2011,Male,55-59,312.0,2697.0,680.0,320310.0,0.0,0.0,23246.5425416481,9.73071671,12.347
2011,Female,60-64,294.0,1643.0,147.0,335981.0,0.0,0.0,23246.5425416481,9.73071671,13.048
2011,Male,60-64,322.0,3418.0,133.0,297715.0,0.0,0.0,23246.5425416481,9.73071671,12.347
2011,Female,65-69,187.0,2234.0,81.0,300635.0,0.0,0.0,23246.5425416481,9.73071671,13.048
2011,Male,65-69,193.0,4247.0,74.0,247976.0,0.0,0.0,23246.5425416481,9.73071671,12.347
2011,Female,70-74,69.0,3810.0,171.0,268846.0,0.0,0.0,23246.5425416481,9.73071671,13.048
2011,Male,70-74,70.0,5859.0,155.0,212031.0,0.0,0.0,23246.5425416481,9.73071671,12.347
2011,Female,75-79,40.0,6722.0,72.0,250510.0,0.0,0.0,23246.5425416481,9.73071671,13.048
2011,Male,75-79,35.0,8221.0,64.0,179874.0,0.0,0.0,23246.5425416481,9.73071671,12.347
2011,Female,80-84,25.0,9974.0,17.0,192233.0,0.0,0.0,23246.5425416481,9.73071671,13.048
2011,Male,80-84,16.0,9287.0,15.0,119595.0,0.0,0.0,23246.5425416481,9.73071671,12.347
2011,Female,85+,8.0,22028.0,0.0,173083.0,0.0,0.0,23246.5425416481,9.73071671,13.048
2011,Male,85+,26.0,12563.0,0.0,79755.0,0.0,0.0,23246.5425416481,9.73071671,12.347
2012,Female,0-4,233.0,178.0,268.0,236817.0,0.0,0.0,20593.4274224109,9.65393257,15.501
2012,Male,0-4,431.0,194.0,243.0,248348.0,0.0,0.0,20593.4274224109,9.65393257,15.558
2012,Female,10-14,309.0,31.0,492.0,271593.0,23.0,32.0,20593.4274224109,9.65393257,15.501
2012,Male,10-14,264.0,41.0,447.0,285525.0,23.0,32.0,20593.4274224109,9.65393257,15.558
2012,Female,15-19,550.0,34.0,1747.0,270052.0,1529.0,1722.0,20593.4274224109,9.65393257,15.501
2012,Male,15-19,510.0,92.0,1589.0,281933.0,1529.0,1722.0,20593.4274224109,9.65393257,15.558
2012,Female,20-24,1295.0,61.0,4923.0,282829.0,5178.0,5582.0,20593.4274224109,9.65393257,15.501
2012,Male,20-24,1182.0,177.0,4478.0,287617.0,5178.0,5582.0,20593.4274224109,9.65393257,15.558
2012,Female,25-29,1257.0,80.0,5435.0,304322.0,10894.0,11534.0,20593.4274224109,9.65393257,15.501
2012,Male,25-29,1140.0,202.0,4943.0,300987.0,10894.0,11534.0,20593.4274224109,9.65393257,15.558
2012,Female,30-34,972.0,151.0,4249.0,367376.0,15304.0,15870.0,20593.4274224109,9.65393257,15.501
2012,Male,30-34,868.0,321.0,3867.0,347325.0,15304.0,15870.0,20593.4274224109,9.65393257,15.558
2012,Female,35-39,460.0,249.0,2977.0,425206.0,8996.0,9550.0,20593.4274224109,9.65393257,15.501
2012,Male,35-39,753.0,585.0,2710.0,400748.0,8996.0,9550.0,20593.4274224109,9.65393257,15.558
2012,Female,40-44,352.0,416.0,2037.0,403236.0,1742.0,1872.0,20593.4274224109,9.65393257,15.501
2012,Male,40-44,626.0,920.0,1855.0,381366.0,1742.0,1872.0,20593.4274224109,9.65393257,15.558
2012,Female,45-49,333.0,653.0,1949.0,400721.0,101.0,101.0,20593.4274224109,9.65393257,15.501
2012,Male,45-49,477.0,1454.0,1773.0,372399.0,101.0,101.0,20593.4274224109,9.65393257,15.558
2012,Female,5-9,219.0,33.0,442.0,252163.0,0.0,0.0,20593.4274224109,9.65393257,15.501
2012,Male,5-9,332.0,25.0,402.0,265560.0,0.0,0.0,20593.4274224109,9.65393257,15.558
2012,Female,50-54,240.0,852.0,1330.0,386172.0,0.0,0.0,20593.4274224109,9.65393257,15.501
2012,Male,50-54,337.0,2113.0,1209.0,356042.0,0.0,0.0,20593.4274224109,9.65393257,15.558
2012,Female,55-59,212.0,1160.0,746.0,357275.0,0.0,0.0,20593.4274224109,9.65393257,15.501
2012,Male,55-59,260.0,2686.0,679.0,322276.0,0.0,0.0,20593.4274224109,9.65393257,15.558
2012,Female,60-64,218.0,1634.0,217.0,343020.0,0.0,0.0,20593.4274224109,9.65393257,15.501
2012,Male,60-64,274.0,3384.0,197.0,303738.0,0.0,0.0,20593.4274224109,9.65393257,15.558
2012,Female,65-69,147.0,2295.0,170.0,306317.0,0.0,0.0,20593.4274224109,9.65393257,15.501
2012,Male,65-69,169.0,4387.0,154.0,252659.0,0.0,0.0,20593.4274224109,9.65393257,15.558
2012,Female,70-74,52.0,3615.0,158.0,266480.0,0.0,0.0,20593.4274224109,9.65393257,15.501
2012,Male,70-74,54.0,5809.0,143.0,210563.0,0.0,0.0,20593.4274224109,9.65393257,15.558
2012,Female,75-79,32.0,6700.0,55.0,250305.0,0.0,0.0,20593.4274224109,9.65393257,15.501
2012,Male,75-79,32.0,8394.0,51.0,179917.0,0.0,0.0,20593.4274224109,9.65393257,15.558
2012,Female,80-84,21.0,10532.0,13.0,197328.0,0.0,0.0,20593.4274224109,9.65393257,15.501
2012,Male,80-84,21.0,9852.0,10.0,123307.0,0.0,0.0,20593.4274224109,9.65393257,15.558
2012,Female,85+,9.0,24582.0,0.0,179383.0,0.0,0.0,20593.4274224109,9.65393257,15.501
2012,Male,85+,27.0,14069.0,0.0,82984.0,0.0,0.0,20593.4274224109,9.65393257,15.558
2013,Female,0-4,278.0,126.0,366.0,227978.0,0.0,0.0,21676.4859642714,9.40486622,16.37
2013,Male,0-4,533.0,193.0,331.0,238563.0,0.0,0.0,21676.4859642714,9.40486622,16.017
2013,Female,10-14,359.0,25.0,508.0,269182.0,26.0,27.0,21676.4859642714,9.40486622,16.37
2013,Male,10-14,378.0,34.0,460.0,283442.0,26.0,27.0,21676.4859642714,9.40486622,16.017
2013,Female,15-19,618.0,42.0,1844.0,267400.0,1382.0,1431.0,21676.4859642714,9.40486622,16.37
2013,Male,15-19,575.0,81.0,1670.0,279884.0,1382.0,1431.0,21676.4859642714,9.40486622,16.017
2013,Female,20-24,1250.0,57.0,5155.0,278812.0,4514.0,4769.0,21676.4859642714,9.40486622,16.37
2013,Male,20-24,1214.0,163.0,4673.0,283583.0,4514.0,4769.0,21676.4859642714,9.40486622,16.017
2013,Female,25-29,1521.0,73.0,5635.0,291848.0,9871.0,10264.0,21676.4859642714,9.40486622,16.37
2013,Male,25-29,1363.0,194.0,5107.0,289195.0,9871.0,10264.0,21676.4859642714,9.40486622,16.017
2013,Female,30-34,1099.0,123.0,4240.0,354146.0,14048.0,14889.0,21676.4859642714,9.40486622,16.37
2013,Male,30-34,1090.0,279.0,3842.0,333994.0,14048.0,14889.0,21676.4859642714,9.40486622,16.017
2013,Female,35-39,589.0,252.0,3072.0,418616.0,8903.0,9094.0,21676.4859642714,9.40486622,16.37
2013,Male,35-39,962.0,511.0,2784.0,391082.0,8903.0,9094.0,21676.4859642714,9.40486622,16.017
2013,Female,40-44,432.0,374.0,2381.0,407443.0,1887.0,1811.0,21676.4859642714,9.40486622,16.37
2013,Male,40-44,793.0,850.0,2158.0,381878.0,1887.0,1811.0,21676.4859642714,9.40486622,16.017
2013,Female,45-49,331.0,637.0,2114.0,398237.0,93.0,101.0,21676.4859642714,9.40486622,16.37
2013,Male,45-49,643.0,1375.0,1917.0,369114.0,93.0,101.0,21676.4859642714,9.40486622,16.017
2013,Female,5-9,256.0,22.0,446.0,249190.0,0.0,0.0,21676.4859642714,9.40486622,16.37
2013,Male,5-9,374.0,25.0,403.0,262647.0,0.0,0.0,21676.4859642714,9.40486622,16.017
2013,Female,50-54,280.0,871.0,1275.0,389951.0,0.0,0.0,21676.4859642714,9.40486622,16.37
2013,Male,50-54,475.0,2121.0,1154.0,357533.0,0.0,0.0,21676.4859642714,9.40486622,16.017
2013,Female,55-59,278.0,1114.0,649.0,362475.0,0.0,0.0,21676.4859642714,9.40486622,16.37
2013,Male,55-59,337.0,2751.0,589.0,325863.0,0.0,0.0,21676.4859642714,9.40486622,16.017
2013,Female,60-64,282.0,1654.0,196.0,341860.0,0.0,0.0,21676.4859642714,9.40486622,16.37
2013,Male,60-64,382.0,3592.0,177.0,302475.0,0.0,0.0,21676.4859642714,9.40486622,16.017
2013,Female,65-69,298.0,2335.0,144.0,315470.0,0.0,0.0,21676.4859642714,9.40486622,16.37
2013,Male,65-69,318.0,4375.0,130.0,260751.0,0.0,0.0,21676.4859642714,9.40486622,16.017
2013,Female,70-74,133.0,3508.0,135.0,267129.0,0.0,0.0,21676.4859642714,9.40486622,16.37
2013,Male,70-74,111.0,5586.0,122.0,210847.0,0.0,0.0,21676.4859642714,9.40486622,16.017
2013,Female,75-79,53.0,6465.0,46.0,251480.0,0.0,0.0,21676.4859642714,9.40486622,16.37
2013,Male,75-79,37.0,8093.0,43.0,181460.0,0.0,0.0,21676.4859642714,9.40486622,16.017
2013,Female,80-84,33.0,10141.0,11.0,199888.0,0.0,0.0,21676.4859642714,9.40486622,16.37
2013,Male,80-84,25.0,9943.0,9.0,125848.0,0.0,0.0,21676.4859642714,9.40486622,16.017
2013,Female,85+,18.0,24647.0,0.0,187642.0,0.0,0.0,21676.4859642714,9.40486622,16.37
2013,Male,85+,39.0,14228.0,0.0,87186.0,0.0,0.0,21676.4859642714,9.40486622,16.017
2014,Female,0-4,345.0,120.0,323.0,220301.0,0.0,0.0,22120.6850127107,9.3428812,14.327
2014,Male,0-4,276.0,177.0,289.0,231268.0,0.0,0.0,22120.6850127107,9.3428812,13.489
2014,Female,10-14,412.0,19.0,507.0,263955.0,23.0,22.0,22120.6850127107,9.3428812,14.327
2014,Male,10-14,415.0,34.0,459.0,278458.0,23.0,22.0,22120.6850127107,9.3428812,13.489
2014,Female,15-19,852.0,41.0,1692.0,269844.0,1225.0,1222.0,22120.6850127107,9.3428812,14.327
2014,Male,15-19,766.0,96.0,1528.0,281799.0,1225.0,1222.0,22120.6850127107,9.3428812,13.489
2014,Female,20-24,1484.0,49.0,4740.0,273792.0,4196.0,4595.0,22120.6850127107,9.3428812,14.327
2014,Male,20-24,1368.0,140.0,4286.0,279488.0,4196.0,4595.0,22120.6850127107,9.3428812,13.489
2014,Female,25-29,1895.0,80.0,5232.0,280615.0,9282.0,9818.0,22120.6850127107,9.3428812,14.327
2014,Male,25-29,1660.0,186.0,4729.0,278801.0,9282.0,9818.0,22120.6850127107,9.3428812,13.489
2014,Female,30-34,1421.0,125.0,3697.0,342353.0,13923.0,14823.0,22120.6850127107,9.3428812,14.327
2014,Male,30-34,1475.0,262.0,3341.0,322820.0,13923.0,14823.0,22120.6850127107,9.3428812,13.489
2014,Female,35-39,661.0,249.0,2774.0,406998.0,9340.0,9862.0,22120.6850127107,9.3428812,14.327
2014,Male,35-39,1232.0,463.0,2507.0,378118.0,9340.0,9862.0,22120.6850127107,9.3428812,13.489
2014,Female,40-44,251.0,386.0,2217.0,413529.0,1964.0,2089.0,22120.6850127107,9.3428812,14.327
2014,Male,40-44,836.0,793.0,2003.0,384355.0,1964.0,2089.0,22120.6850127107,9.3428812,13.489
2014,Female,45-49,429.0,573.0,1989.0,394312.0,109.0,114.0,22120.6850127107,9.3428812,14.327
2014,Male,45-49,775.0,1298.0,1798.0,364646.0,109.0,114.0,22120.6850127107,9.3428812,13.489
2014,Female,5-9,332.0,16.0,433.0,245768.0,0.0,0.0,22120.6850127107,9.3428812,14.327
2014,Male,5-9,120.0,29.0,392.0,258595.0,0.0,0.0,22120.6850127107,9.3428812,13.489
2014,Female,50-54,369.0,853.0,1223.0,395775.0,0.0,0.0,22120.6850127107,9.3428812,14.327
2014,Male,50-54,642.0,2071.0,1105.0,360686.0,0.0,0.0,22120.6850127107,9.3428812,13.489
2014,Female,55-59,598.0,1158.0,676.0,366499.0,0.0,0.0,22120.6850127107,9.3428812,14.327
2014,Male,55-59,678.0,2765.0,610.0,328311.0,0.0,0.0,22120.6850127107,9.3428812,13.489
2014,Female,60-64,560.0,1493.0,204.0,344962.0,0.0,0.0,22120.6850127107,9.3428812,14.327
2014,Male,60-64,747.0,3374.0,183.0,303613.0,0.0,0.0,22120.6850127107,9.3428812,13.489
2014,Female,65-69,592.0,2368.0,159.0,319781.0,0.0,0.0,22120.6850127107,9.3428812,14.327
2014,Male,65-69,753.0,4248.0,145.0,267723.0,0.0,0.0,22120.6850127107,9.3428812,13.489
2014,Female,70-74,260.0,3336.0,128.0,270363.0,0.0,0.0,22120.6850127107,9.3428812,14.327
2014,Male,70-74,382.0,5438.0,116.0,213484.0,0.0,0.0,22120.6850127107,9.3428812,13.489
2014,Female,75-79,134.0,6094.0,37.0,253313.0,0.0,0.0,22120.6850127107,9.3428812,14.327
2014,Male,75-79,186.0,7869.0,33.0,182718.0,0.0,0.0,22120.6850127107,9.3428812,13.489
2014,Female,80-84,60.0,9945.0,10.0,202376.0,0.0,0.0,22120.6850127107,9.3428812,14.327
2014,Male,80-84,80.0,9693.0,7.0,128152.0,0.0,0.0,22120.6850127107,9.3428812,13.489
2014,Female,85+,19.0,24815.0,0.0,195917.0,0.0,0.0,22120.6850127107,9.3428812,14.327
2014,Male,85+,12.0,14548.0,0.0,91633.0,0.0,0.0,22120.6850127107,9.3428812,13.489
2015,Female,0-4,442.0,126.0,278.0,212614.0,0.0,0.0,19215.7813014347,9.31645775,12.748
2015,Male,0-4,454.0,190.0,249.0,224047.0,0.0,0.0,19215.7813014347,9.31645775,12.161
2015,Female,10-14,454.0,16.0,424.0,258469.0,25.0,19.0,19215.7813014347,9.31645775,12.748
2015,Male,10-14,568.0,30.0,384.0,273104.0,25.0,19.0,19215.7813014347,9.31645775,12.161
2015,Female,15-19,1046.0,34.0,1423.0,273897.0,1066.0,1187.0,19215.7813014347,9.31645775,12.748
2015,Male,15-19,1226.0,89.0,1282.0,286145.0,1066.0,1187.0,19215.7813014347,9.31645775,12.161
2015,Female,20-24,1838.0,53.0,3818.0,269683.0,4299.0,4438.0,19215.7813014347,9.31645775,12.748
2015,Male,20-24,2124.0,134.0,3448.0,276357.0,4299.0,4438.0,19215.7813014347,9.31645775,12.161
2015,Female,25-29,2441.0,60.0,4280.0,276132.0,9398.0,9755.0,19215.7813014347,9.31645775,12.748
2015,Male,25-29,2741.0,171.0,3866.0,275334.0,9398.0,9755.0,19215.7813014347,9.31645775,12.161
2015,Female,30-34,2037.0,107.0,2943.0,327097.0,14788.0,15439.0,19215.7813014347,9.31645775,12.748
2015,Male,30-34,2562.0,240.0,2658.0,310183.0,14788.0,15439.0,19215.7813014347,9.31645775,12.161
2015,Female,35-39,1045.0,207.0,2202.0,395267.0,10055.0,10582.0,19215.7813014347,9.31645775,12.748
2015,Male,35-39,2211.0,412.0,1987.0,364918.0,10055.0,10582.0,19215.7813014347,9.31645775,12.161
2015,Female,40-44,316.0,368.0,1920.0,418601.0,2202.0,2311.0,19215.7813014347,9.31645775,12.748
2015,Male,40-44,1435.0,778.0,1732.0,388003.0,2202.0,2311.0,19215.7813014347,9.31645775,12.161
2015,Female,45-49,551.0,579.0,1654.0,393356.0,103.0,101.0,19215.7813014347,9.31645775,12.748
2015,Male,45-49,1293.0,1266.0,1493.0,363276.0,103.0,101.0,19215.7813014347,9.31645775,12.161
2015,Female,5-9,457.0,30.0,402.0,244142.0,0.0,0.0,19215.7813014347,9.31645775,12.748
2015,Male,5-9,160.0,23.0,362.0,254887.0,0.0,0.0,19215.7813014347,9.31645775,12.161
2015,Female,50-54,469.0,858.0,987.0,397669.0,0.0,0.0,19215.7813014347,9.31645775,12.748
2015,Male,50-54,1093.0,1895.0,891.0,360597.0,0.0,0.0,19215.7813014347,9.31645775,12.161
2015,Female,55-59,907.0,1056.0,551.0,371429.0,0.0,0.0,19215.7813014347,9.31645775,12.748
2015,Male,55-59,1289.0,2687.0,497.0,333624.0,0.0,0.0,19215.7813014347,9.31645775,12.161
2015,Female,60-64,895.0,1633.0,153.0,349081.0,0.0,0.0,19215.7813014347,9.31645775,12.748
2015,Male,60-64,1482.0,3505.0,137.0,305631.0,0.0,0.0,19215.7813014347,9.31645775,12.161
2015,Female,65-69,972.0,2311.0,105.0,322703.0,0.0,0.0,19215.7813014347,9.31645775,12.748
2015,Male,65-69,1601.0,4418.0,95.0,273846.0,0.0,0.0,19215.7813014347,9.31645775,12.161
2015,Female,70-74,478.0,3441.0,66.0,279813.0,0.0,0.0,19215.7813014347,9.31645775,12.748
2015,Male,70-74,1006.0,5551.0,62.0,219830.0,0.0,0.0,19215.7813014347,9.31645775,12.161
2015,Female,75-79,261.0,6086.0,15.0,250532.0,0.0,0.0,19215.7813014347,9.31645775,12.748
2015,Male,75-79,559.0,7832.0,13.0,182202.0,0.0,0.0,19215.7813014347,9.31645775,12.161
2015,Female,80-84,116.0,10452.0,0.0,205982.0,0.0,0.0,19215.7813014347,9.31645775,12.748
2015,Male,80-84,245.0,9920.0,0.0,131481.0,0.0,0.0,19215.7813014347,9.31645775,12.161
2015,Female,85+,31.0,27071.0,0.0,202622.0,0.0,0.0,19215.7813014347,9.31645775,12.748
2015,Male,85+,44.0,15279.0,0.0,96000.0,0.0,0.0,19215.7813014347,9.31645775,12.161
2016,Female,0-4,438.0,142.0,306.0,207934.0,0.0,0.0,19980.2808866516,9.39439487,11.167
2016,Male,0-4,443.0,196.0,275.0,219197.0,0.0,0.0,19980.2808866516,9.39439487,10.974
2016,Female,10-14,378.0,20.0,398.0,256215.0,20.0,23.0,19980.2808866516,9.39439487,11.167
2016,Male,10-14,415.0,30.0,359.0,269681.0,20.0,23.0,19980.2808866516,9.39439487,10.974
2016,Female,15-19,912.0,49.0,1315.0,272722.0,1061.0,1107.0,19980.2808866516,9.39439487,11.167
2016,Male,15-19,1112.0,83.0,1187.0,285434.0,1061.0,1107.0,19980.2808866516,9.39439487,10.974
2016,Female,20-24,1685.0,43.0,3753.0,265452.0,4256.0,4715.0,19980.2808866516,9.39439487,11.167
2016,Male,20-24,1944.0,141.0,3387.0,273987.0,4256.0,4715.0,19980.2808866516,9.39439487,10.974
2016,Female,25-29,2226.0,42.0,4166.0,273030.0,9151.0,9706.0,19980.2808866516,9.39439487,11.167
2016,Male,25-29,2571.0,175.0,3760.0,274446.0,9151.0,9706.0,19980.2808866516,9.39439487,10.974
2016,Female,30-34,2076.0,96.0,2863.0,313291.0,14519.0,15368.0,19980.2808866516,9.39439487,11.167
2016,Male,30-34,2563.0,176.0,2585.0,299356.0,14519.0,15368.0,19980.2808866516,9.39439487,10.974
2016,Female,35-39,1177.0,236.0,1997.0,379772.0,10673.0,11170.0,19980.2808866516,9.39439487,11.167
2016,Male,35-39,2289.0,358.0,1801.0,350165.0,10673.0,11170.0,19980.2808866516,9.39439487,10.974
2016,Female,40-44,342.0,395.0,1765.0,421155.0,2655.0,2721.0,19980.2808866516,9.39439487,11.167
2016,Male,40-44,1480.0,749.0,1594.0,389295.0,2655.0,2721.0,19980.2808866516,9.39439487,10.974
2016,Female,45-49,464.0,569.0,1363.0,395600.0,150.0,129.0,19980.2808866516,9.39439487,11.167
2016,Male,45-49,1215.0,1163.0,1231.0,364956.0,150.0,129.0,19980.2808866516,9.39439487,10.974
2016,Female,5-9,434.0,16.0,401.0,241301.0,0.0,0.0,19980.2808866516,9.39439487,11.167
2016,Male,5-9,154.0,16.0,363.0,252496.0,0.0,0.0,19980.2808866516,9.39439487,10.974
2016,Female,50-54,463.0,857.0,943.0,397948.0,0.0,0.0,19980.2808866516,9.39439487,11.167
2016,Male,50-54,1081.0,2003.0,851.0,360071.0,0.0,0.0,19980.2808866516,9.39439487,10.974
2016,Female,55-59,901.0,1189.0,552.0,378275.0,0.0,0.0,19980.2808866516,9.39439487,11.167
2016,Male,55-59,1314.0,2778.0,497.0,338799.0,0.0,0.0,19980.2808866516,9.39439487,10.974
2016,Female,60-64,1035.0,1614.0,140.0,351188.0,0.0,0.0,19980.2808866516,9.39439487,11.167
2016,Male,60-64,1685.0,3621.0,126.0,306260.0,0.0,0.0,19980.2808866516,9.39439487,10.974
2016,Female,65-69,1119.0,2334.0,114.0,329357.0,0.0,0.0,19980.2808866516,9.39439487,11.167
2016,Male,65-69,1841.0,4636.0,105.0,282257.0,0.0,0.0,19980.2808866516,9.39439487,10.974
2016,Female,70-74,626.0,3584.0,20.0,287938.0,0.0,0.0,19980.2808866516,9.39439487,11.167
2016,Male,70-74,1404.0,5614.0,18.0,226137.0,0.0,0.0,19980.2808866516,9.39439487,10.974
2016,Female,75-79,342.0,6001.0,20.0,246516.0,0.0,0.0,19980.2808866516,9.39439487,11.167
2016,Male,75-79,816.0,7897.0,17.0,180103.0,0.0,0.0,19980.2808866516,9.39439487,10.974
2016,Female,80-84,166.0,10125.0,1.0,209283.0,0.0,0.0,19980.2808866516,9.39439487,11.167
2016,Male,80-84,408.0,10076.0,0.0,134784.0,0.0,0.0,19980.2808866516,9.39439487,10.974
2016,Female,85+,43.0,27763.0,0.0,209565.0,0.0,0.0,19980.2808866516,9.39439487,11.167
2016,Male,85+,82.0,16171.0,0.0,100512.0,0.0,0.0,19980.2808866516,9.39439487,10.974
2017,Female,0-4,561.0,118.0,231.0,206756.0,0.0,0.0,21442.3842768879,9.30583763,9.349
2017,Male,0-4,502.0,168.0,208.0,217161.0,0.0,0.0,21442.3842768879,9.30583763,8.409
2017,Female,10-14,423.0,18.0,312.0,252314.0,20.0,22.0,21442.3842768879,9.30583763,9.349
2017,Male,10-14,303.0,29.0,281.0,264746.0,20.0,22.0,21442.3842768879,9.30583763,8.409
2017,Female,15-19,976.0,33.0,1169.0,271231.0,1037.0,1096.0,21442.3842768879,9.30583763,9.349
2017,Male,15-19,1143.0,91.0,1056.0,284926.0,1037.0,1096.0,21442.3842768879,9.30583763,8.409
2017,Female,20-24,1999.0,73.0,3065.0,264264.0,4350.0,4429.0,21442.3842768879,9.30583763,9.349
2017,Male,20-24,2125.0,129.0,2767.0,273194.0,4350.0,4429.0,21442.3842768879,9.30583763,8.409
2017,Female,25-29,2553.0,70.0,3073.0,272700.0,9309.0,9673.0,21442.3842768879,9.30583763,9.349
2017,Male,25-29,2794.0,178.0,2774.0,274082.0,9309.0,9673.0,21442.3842768879,9.30583763,8.409
2017,Female,30-34,2671.0,104.0,2253.0,300480.0,14065.0,14737.0,21442.3842768879,9.30583763,9.349
2017,Male,30-34,2977.0,219.0,2031.0,289062.0,14065.0,14737.0,21442.3842768879,9.30583763,8.409
2017,Female,35-39,1622.0,207.0,1554.0,366537.0,10480.0,11241.0,21442.3842768879,9.30583763,9.349
2017,Male,35-39,2749.0,379.0,1404.0,337437.0,10480.0,11241.0,21442.3842768879,9.30583763,8.409
2017,Female,40-44,534.0,394.0,1609.0,421040.0,2836.0,2901.0,21442.3842768879,9.30583763,9.349
2017,Male,40-44,1860.0,699.0,1451.0,389139.0,2836.0,2901.0,21442.3842768879,9.30583763,8.409
2017,Female,45-49,438.0,580.0,1256.0,399477.0,150.0,132.0,21442.3842768879,9.30583763,9.349
2017,Male,45-49,1301.0,1150.0,1133.0,368332.0,150.0,132.0,21442.3842768879,9.30583763,8.409
2017,Female,5-9,511.0,19.0,232.0,236760.0,0.0,0.0,21442.3842768879,9.30583763,9.349
2017,Male,5-9,222.0,26.0,209.0,248083.0,0.0,0.0,21442.3842768879,9.30583763,8.409
2017,Female,50-54,633.0,937.0,1035.0,397070.0,0.0,0.0,21442.3842768879,9.30583763,9.349
2017,Male,50-54,1290.0,1971.0,935.0,358388.0,0.0,0.0,21442.3842768879,9.30583763,8.409
2017,Female,55-59,998.0,1144.0,664.0,383253.0,0.0,0.0,21442.3842768879,9.30583763,9.349
2017,Male,55-59,1427.0,2784.0,598.0,341957.0,0.0,0.0,21442.3842768879,9.30583763,8.409
2017,Female,60-64,1544.0,1614.0,139.0,354939.0,0.0,0.0,21442.3842768879,9.30583763,9.349
2017,Male,60-64,2262.0,3538.0,124.0,310380.0,0.0,0.0,21442.3842768879,9.30583763,8.409
2017,Female,65-69,1545.0,2360.0,73.0,337643.0,0.0,0.0,21442.3842768879,9.30583763,9.349
2017,Male,65-69,2351.0,4529.0,64.0,289716.0,0.0,0.0,21442.3842768879,9.30583763,8.409
2017,Female,70-74,1068.0,3489.0,9.0,294927.0,0.0,0.0,21442.3842768879,9.30583763,9.349
2017,Male,70-74,2181.0,5608.0,6.0,233581.0,0.0,0.0,21442.3842768879,9.30583763,8.409
2017,Female,75-79,508.0,5703.0,20.0,245484.0,0.0,0.0,21442.3842768879,9.30583763,9.349
2017,Male,75-79,1263.0,7412.0,17.0,181068.0,0.0,0.0,21442.3842768879,9.30583763,8.409
2017,Female,80-84,302.0,9767.0,1.0,210781.0,0.0,0.0,21442.3842768879,9.30583763,9.349
2017,Male,80-84,744.0,9925.0,0.0,136533.0,0.0,0.0,21442.3842768879,9.30583763,8.409
2017,Female,85+,82.0,28158.0,0.0,217483.0,0.0,0.0,21442.3842768879,9.30583763,9.349
2017,Male,85+,187.0,16548.0,0.0,104846.0,0.0,0.0,21442.3842768879,9.30583763,8.409
2018,Female,0-4,698.0,162.0,204.0,209312.0,0.0,0.0,23541.1401075289,9.4126482,7.438
2018,Male,0-4,550.0,193.0,183.0,219201.0,0.0,0.0,23541.1401075289,9.4126482,6.566
2018,Female,10-14,504.0,27.0,330.0,249669.0,14.0,21.0,23541.1401075289,9.4126482,7.438
2018,Male,10-14,193.0,25.0,296.0,261570.0,14.0,21.0,23541.1401075289,9.4126482,6.566
2018,Female,15-19,955.0,41.0,1152.0,269595.0,974.0,1019.0,23541.1401075289,9.4126482,7.438
2018,Male,15-19,1019.0,81.0,1038.0,282820.0,974.0,1019.0,23541.1401075289,9.4126482,6.566
2018,Female,20-24,2342.0,47.0,2898.0,264410.0,4261.0,4435.0,23541.1401075289,9.4126482,7.438
2018,Male,20-24,2252.0,123.0,2612.0,273251.0,4261.0,4435.0,23541.1401075289,9.4126482,6.566
2018,Female,25-29,2870.0,84.0,3090.0,272749.0,9434.0,9709.0,23541.1401075289,9.4126482,7.438
2018,Male,25-29,2833.0,156.0,2785.0,273146.0,9434.0,9709.0,23541.1401075289,9.4126482,6.566
2018,Female,30-34,3273.0,117.0,2129.0,291945.0,14013.0,14805.0,23541.1401075289,9.4126482,7.438
2018,Male,30-34,3193.0,222.0,1918.0,281728.0,14013.0,14805.0,23541.1401075289,9.4126482,6.566
2018,Female,35-39,2164.0,166.0,1494.0,356206.0,11000.0,11257.0,23541.1401075289,9.4126482,7.438
2018,Male,35-39,3078.0,333.0,1348.0,329243.0,11000.0,11257.0,23541.1401075289,9.4126482,6.566
2018,Female,40-44,824.0,382.0,1590.0,415838.0,2969.0,3073.0,23541.1401075289,9.4126482,7.438
2018,Male,40-44,2236.0,690.0,1431.0,383303.0,2969.0,3073.0,23541.1401075289,9.4126482,6.566
2018,Female,45-49,368.0,569.0,1286.0,403636.0,187.0,183.0,23541.1401075289,9.4126482,7.438
2018,Male,45-49,1305.0,1221.0,1160.0,370735.0,187.0,183.0,23541.1401075289,9.4126482,6.566
2018,Female,5-9,602.0,21.0,213.0,228586.0,0.0,0.0,23541.1401075289,9.4126482,7.438
2018,Male,5-9,265.0,19.0,190.0,238601.0,0.0,0.0,23541.1401075289,9.4126482,6.566
2018,Female,50-54,832.0,816.0,1139.0,395504.0,0.0,0.0,23541.1401075289,9.4126482,7.438
2018,Male,50-54,1434.0,1884.0,1025.0,357108.0,0.0,0.0,23541.1401075289,9.4126482,6.566
2018,Female,55-59,1000.0,1178.0,728.0,387240.0,0.0,0.0,23541.1401075289,9.4126482,7.438
2018,Male,55-59,1411.0,2771.0,656.0,344264.0,0.0,0.0,23541.1401075289,9.4126482,6.566
2018,Female,60-64,2173.0,1595.0,183.0,361971.0,0.0,0.0,23541.1401075289,9.4126482,7.438
2018,Male,60-64,2690.0,3705.0,166.0,316047.0,0.0,0.0,23541.1401075289,9.4126482,6.566
2018,Female,65-69,2050.0,2299.0,108.0,338378.0,0.0,0.0,23541.1401075289,9.4126482,7.438
2018,Male,65-69,2832.0,4654.0,98.0,290896.0,0.0,0.0,23541.1401075289,9.4126482,6.566
2018,Female,70-74,1740.0,3539.0,43.0,306016.0,0.0,0.0,23541.1401075289,9.4126482,7.438
2018,Male,70-74,2979.0,5974.0,40.0,244421.0,0.0,0.0,23541.1401075289,9.4126482,6.566
2018,Female,75-79,702.0,5805.0,29.0,247083.0,0.0,0.0,23541.1401075289,9.4126482,7.438
2018,Male,75-79,1762.0,7507.0,27.0,183775.0,0.0,0.0,23541.1401075289,9.4126482,6.566
2018,Female,80-84,517.0,10016.0,2.0,213198.0,0.0,0.0,23541.1401075289,9.4126482,7.438
2018,Male,80-84,1194.0,10051.0,0.0,139774.0,0.0,0.0,23541.1401075289,9.4126482,6.566
2018,Female,85+,159.0,29611.0,5.0,223546.0,0.0,0.0,23541.1401075289,9.4126482,7.438
2018,Male,85+,358.0,17481.0,4.0,108731.0,0.0,0.0,23541.1401075289,9.4126482,6.566
2019,Female,0-4,1224.0,145.0,314.0,212103.0,0.0,0.0,23343.3628970034,9.51379871,7.147
2019,Male,0-4,992.0,174.0,285.0,221764.0,0.0,0.0,23343.3628970034,9.51379871,5.798
2019,Female,10-14,868.0,24.0,250.0,247091.0,14.0,15.0,23343.3628970034,9.51379871,7.147
2019,Male,10-14,149.0,27.0,226.0,257509.0,14.0,15.0,23343.3628970034,9.51379871,5.798
2019,Female,15-19,1151.0,37.0,982.0,264830.0,1001.0,1051.0,23343.3628970034,9.51379871,7.147
2019,Male,15-19,1297.0,78.0,891.0,278369.0,1001.0,1051.0,23343.3628970034,9.51379871,5.798
2019,Female,20-24,3547.0,63.0,2906.0,268973.0,4266.0,4601.0,23343.3628970034,9.51379871,7.147
2019,Male,20-24,3670.0,131.0,2628.0,278887.0,4266.0,4601.0,23343.3628970034,9.51379871,5.798
2019,Female,25-29,4380.0,55.0,3061.0,271704.0,9195.0,9589.0,23343.3628970034,9.51379871,7.147
2019,Male,25-29,4520.0,169.0,2768.0,274075.0,9195.0,9589.0,23343.3628970034,9.51379871,5.798
2019,Female,30-34,5170.0,129.0,1865.0,285651.0,13748.0,14565.0,23343.3628970034,9.51379871,7.147
2019,Male,30-34,5220.0,225.0,1686.0,277652.0,13748.0,14565.0,23343.3628970034,9.51379871,5.798
2019,Female,35-39,3756.0,198.0,1303.0,348094.0,10776.0,11438.0,23343.3628970034,9.51379871,7.147
2019,Male,35-39,5284.0,323.0,1176.0,324911.0,10776.0,11438.0,23343.3628970034,9.51379871,5.798
2019,Female,40-44,1646.0,342.0,1293.0,406319.0,3041.0,3306.0,23343.3628970034,9.51379871,7.147
2019,Male,40-44,4152.0,609.0,1170.0,376779.0,3041.0,3306.0,23343.3628970034,9.51379871,5.798
2019,Female,45-49,382.0,571.0,956.0,409864.0,186.0,207.0,23343.3628970034,9.51379871,7.147
2019,Male,45-49,2089.0,1096.0,863.0,376331.0,186.0,207.0,23343.3628970034,9.51379871,5.798
2019,Female,5-9,937.0,9.0,185.0,221774.0,0.0,0.0,23343.3628970034,9.51379871,7.147
2019,Male,5-9,512.0,27.0,169.0,232075.0,0.0,0.0,23343.3628970034,9.51379871,5.798
2019,Female,50-54,1341.0,819.0,909.0,392652.0,0.0,0.0,23343.3628970034,9.51379871,7.147
2019,Male,50-54,2349.0,1834.0,823.0,355853.0,0.0,0.0,23343.3628970034,9.51379871,5.798
2019,Female,55-59,1330.0,1257.0,564.0,393471.0,0.0,0.0,23343.3628970034,9.51379871,7.147
2019,Male,55-59,2192.0,2640.0,509.0,349298.0,0.0,0.0,23343.3628970034,9.51379871,5.798
2019,Female,60-64,3758.0,1622.0,116.0,369021.0,0.0,0.0,23343.3628970034,9.51379871,7.147
2019,Male,60-64,4651.0,3756.0,106.0,321863.0,0.0,0.0,23343.3628970034,9.51379871,5.798
2019,Female,65-69,3638.0,2240.0,57.0,344416.0,0.0,0.0,23343.3628970034,9.51379871,7.147
2019,Male,65-69,5390.0,4734.0,52.0,296428.0,0.0,0.0,23343.3628970034,9.51379871,5.798
2019,Female,70-74,3523.0,3594.0,28.0,314124.0,0.0,0.0,23343.3628970034,9.51379871,7.147
2019,Male,70-74,5824.0,5906.0,25.0,256360.0,0.0,0.0,23343.3628970034,9.51379871,5.798
2019,Female,75-79,1347.0,5536.0,24.0,251932.0,0.0,0.0,23343.3628970034,9.51379871,7.147
2019,Male,75-79,3847.0,7175.0,23.0,190849.0,0.0,0.0,23343.3628970034,9.51379871,5.798
2019,Female,80-84,1098.0,9754.0,1.0,216574.0,0.0,0.0,23343.3628970034,9.51379871,7.147
2019,Male,80-84,2748.0,9822.0,0.0,144287.0,0.0,0.0,23343.3628970034,9.51379871,5.798
2019,Female,85+,390.0,29727.0,3.0,229812.0,0.0,0.0,23343.3628970034,9.51379871,7.147
2019,Male,85+,1010.0,17474.0,2.0,113700.0,0.0,0.0,23343.3628970034,9.51379871,5.798
2020,Female,0-4,1102.0,121.0,282.0,211867.0,0.0,0.0,22299.4044062173,10.54770088,7.057
2020,Male,0-4,987.0,138.0,253.0,221865.0,0.0,0.0,22299.4044062173,10.54770088,6.552
2020,Female,10-14,680.0,21.0,194.0,246115.0,14.0,22.0,22299.4044062173,10.54770088,7.057
2020,Male,10-14,215.0,18.0,175.0,254046.0,14.0,22.0,22299.4044062173,10.54770088,6.552
2020,Female,15-19,860.0,38.0,871.0,259495.0,845.0,889.0,22299.4044062173,10.54770088,7.057
2020,Male,15-19,1290.0,88.0,789.0,272956.0,845.0,889.0,22299.4044062173,10.54770088,6.552
2020,Female,20-24,2152.0,55.0,2489.0,273992.0,4058.0,4361.0,22299.4044062173,10.54770088,7.057
2020,Male,20-24,3328.0,149.0,2257.0,284907.0,4058.0,4361.0,22299.4044062173,10.54770088,6.552
2020,Female,25-29,2772.0,57.0,2612.0,269282.0,9136.0,9656.0,22299.4044062173,10.54770088,7.057
2020,Male,25-29,4259.0,196.0,2369.0,273955.0,9136.0,9656.0,22299.4044062173,10.54770088,6.552
2020,Female,30-34,3101.0,97.0,1630.0,282818.0,13259.0,13959.0,22299.4044062173,10.54770088,7.057
2020,Male,30-34,4779.0,225.0,1479.0,277876.0,13259.0,13959.0,22299.4044062173,10.54770088,6.552
2020,Female,35-39,2935.0,198.0,1272.0,335305.0,10581.0,11196.0,22299.4044062173,10.54770088,7.057
2020,Male,35-39,5055.0,336.0,1152.0,316284.0,10581.0,11196.0,22299.4044062173,10.54770088,6.552
2020,Female,40-44,2319.0,366.0,1266.0,397624.0,3076.0,3264.0,22299.4044062173,10.54770088,7.057
2020,Male,40-44,4432.0,641.0,1148.0,368507.0,3076.0,3264.0,22299.4044062173,10.54770088,6.552
2020,Female,45-49,707.0,578.0,934.0,415592.0,220.0,232.0,22299.4044062173,10.54770088,7.057
2020,Male,45-49,2022.0,1196.0,845.0,382134.0,220.0,232.0,22299.4044062173,10.54770088,6.552
2020,Female,5-9,720.0,22.0,154.0,214617.0,0.0,0.0,22299.4044062173,10.54770088,7.057
2020,Male,5-9,645.0,14.0,139.0,225547.0,0.0,0.0,22299.4044062173,10.54770088,6.552
2020,Female,50-54,1300.0,902.0,956.0,392278.0,0.0,0.0,22299.4044062173,10.54770088,7.057
2020,Male,50-54,2112.0,1872.0,868.0,356087.0,0.0,0.0,22299.4044062173,10.54770088,6.552
2020,Female,55-59,1185.0,1215.0,605.0,395351.0,0.0,0.0,22299.4044062173,10.54770088,7.057
2020,Male,55-59,1910.0,2850.0,549.0,349716.0,0.0,0.0,22299.4044062173,10.54770088,6.552
2020,Female,60-64,2848.0,1640.0,151.0,375128.0,0.0,0.0,22299.4044062173,10.54770088,7.057
2020,Male,60-64,4394.0,4064.0,136.0,328700.0,0.0,0.0,22299.4044062173,10.54770088,6.552
2020,Female,65-69,3110.0,2484.0,67.0,350626.0,0.0,0.0,22299.4044062173,10.54770088,7.057
2020,Male,65-69,5060.0,5022.0,63.0,301143.0,0.0,0.0,22299.4044062173,10.54770088,6.552
2020,Female,70-74,3069.0,3875.0,38.0,319574.0,0.0,0.0,22299.4044062173,10.54770088,7.057
2020,Male,70-74,5145.0,6437.0,36.0,265464.0,0.0,0.0,22299.4044062173,10.54770088,6.552
2020,Female,75-79,1488.0,6244.0,31.0,262321.0,0.0,0.0,22299.4044062173,10.54770088,7.057
2020,Male,75-79,3075.0,7951.0,29.0,199544.0,0.0,0.0,22299.4044062173,10.54770088,6.552
2020,Female,80-84,1128.0,10735.0,17.0,214749.0,0.0,0.0,22299.4044062173,10.54770088,7.057
2020,Male,80-84,2252.0,10690.0,13.0,146106.0,0.0,0.0,22299.4044062173,10.54770088,6.552
2020,Female,85+,399.0,33428.0,9.0,234692.0,0.0,0.0,22299.4044062173,10.54770088,7.057
2020,Male,85+,819.0,19738.0,8.0,118034.0,0.0,0.0,22299.4044062173,10.54770088,6.552
2021,Female,0-4,705.0,116.0,262.0,208306.0,0.0,0.0,24711.4510062111,11.1236763,6.899
2021,Male,0-4,1560.0,133.0,241.0,218686.0,0.0,0.0,24711.4510062111,11.1236763,6.259
2021,Female,10-14,1100.0,13.0,153.0,244250.0,6.0,10.0,24711.4510062111,11.1236763,6.899
2021,Male,10-14,1502.0,37.0,140.0,253406.0,6.0,10.0,24711.4510062111,11.1236763,6.259
2021,Female,15-19,1688.0,36.0,775.0,258334.0,724.0,760.0,24711.4510062111,11.1236763,6.899
2021,Male,15-19,2117.0,87.0,707.0,270561.0,724.0,760.0,24711.4510062111,11.1236763,6.259
2021,Female,20-24,3366.0,52.0,2678.0,274290.0,3622.0,3929.0,24711.4510062111,11.1236763,6.899
2021,Male,20-24,4426.0,137.0,2439.0,286456.0,3622.0,3929.0,24711.4510062111,11.1236763,6.259
2021,Female,25-29,3997.0,61.0,2834.0,267982.0,8459.0,8802.0,24711.4510062111,11.1236763,6.899
2021,Male,25-29,6494.0,156.0,2584.0,276848.0,8459.0,8802.0,24711.4510062111,11.1236763,6.259
2021,Female,30-34,4101.0,124.0,1588.0,282569.0,12931.0,13541.0,24711.4510062111,11.1236763,6.899
2021,Male,30-34,6458.0,228.0,1446.0,281937.0,12931.0,13541.0,24711.4510062111,11.1236763,6.259
2021,Female,35-39,3439.0,203.0,1173.0,324357.0,9904.0,10332.0,24711.4510062111,11.1236763,6.899
2021,Male,35-39,6037.0,320.0,1070.0,310258.0,9904.0,10332.0,24711.4510062111,11.1236763,6.259
2021,Female,40-44,2206.0,367.0,1130.0,385101.0,3031.0,3219.0,24711.4510062111,11.1236763,6.899
2021,Male,40-44,4508.0,583.0,1027.0,358468.0,3031.0,3219.0,24711.4510062111,11.1236763,6.259
2021,Female,45-49,1456.0,598.0,768.0,420100.0,237.0,248.0,24711.4510062111,11.1236763,6.899
2021,Male,45-49,2698.0,1162.0,700.0,387023.0,237.0,248.0,24711.4510062111,11.1236763,6.259
2021,Female,5-9,915.0,23.0,146.0,210847.0,0.0,0.0,24711.4510062111,11.1236763,6.899
2021,Male,5-9,1569.0,20.0,133.0,222328.0,0.0,0.0,24711.4510062111,11.1236763,6.259
2021,Female,50-54,1175.0,818.0,837.0,394508.0,0.0,0.0,24711.4510062111,11.1236763,6.899
2021,Male,50-54,2431.0,1898.0,764.0,359343.0,0.0,0.0,24711.4510062111,11.1236763,6.259
2021,Female,55-59,1254.0,1252.0,564.0,396367.0,0.0,0.0,24711.4510062111,11.1236763,6.899
2021,Male,55-59,2314.0,2902.0,513.0,350495.0,0.0,0.0,24711.4510062111,11.1236763,6.259
2021,Female,60-64,2574.0,1831.0,121.0,382006.0,0.0,0.0,24711.4510062111,11.1236763,6.899
2021,Male,60-64,4361.0,4087.0,112.0,334647.0,0.0,0.0,24711.4510062111,11.1236763,6.259
2021,Female,65-69,2614.0,2558.0,19.0,354201.0,0.0,0.0,24711.4510062111,11.1236763,6.899
2021,Male,65-69,4440.0,5336.0,16.0,303957.0,0.0,0.0,24711.4510062111,11.1236763,6.259
2021,Female,70-74,2489.0,3893.0,36.0,327770.0,0.0,0.0,24711.4510062111,11.1236763,6.899
2021,Male,70-74,4683.0,6711.0,34.0,275742.0,0.0,0.0,24711.4510062111,11.1236763,6.259
2021,Female,75-79,1315.0,6272.0,15.0,271400.0,0.0,0.0,24711.4510062111,11.1236763,6.899
2021,Male,75-79,3072.0,8279.0,14.0,207562.0,0.0,0.0,24711.4510062111,11.1236763,6.259
2021,Female,80-84,836.0,10497.0,14.0,211900.0,0.0,0.0,24711.4510062111,11.1236763,6.899
2021,Male,80-84,2098.0,10393.0,12.0,146785.0,0.0,0.0,24711.4510062111,11.1236763,6.259
2021,Female,85+,301.0,33499.0,7.0,239567.0,0.0,0.0,24711.4510062111,11.1236763,6.899
2021,Male,85+,820.0,20530.0,7.0,122760.0,0.0,0.0,24711.4510062111,11.1236763,6.259
2022,Female,0-4,2551.0,134.0,347.0,208606.0,0.0,0.0,24620.519556875,10.46883011,6.479
2022,Male,0-4,3478.0,158.0,318.0,219895.0,0.0,0.0,24620.519556875,10.46883011,5.543
2022,Female,10-14,3566.0,23.0,243.0,242664.0,8.0,13.0,24620.519556875,10.46883011,6.479
2022,Male,10-14,3980.0,23.0,222.0,253076.0,8.0,13.0,24620.519556875,10.46883011,5.543
2022,Female,15-19,3625.0,51.0,813.0,257247.0,774.0,798.0,24620.519556875,10.46883011,6.479
2022,Male,15-19,3819.0,95.0,741.0,268327.0,774.0,798.0,24620.519556875,10.46883011,5.543
2022,Female,20-24,6165.0,59.0,3341.0,276242.0,3948.0,4233.0,24620.519556875,10.46883011,6.479
2022,Male,20-24,6515.0,170.0,3053.0,289136.0,3948.0,4233.0,24620.519556875,10.46883011,5.543
2022,Female,25-29,8077.0,66.0,3537.0,271650.0,9109.0,9474.0,24620.519556875,10.46883011,6.479
2022,Male,25-29,10439.0,163.0,3231.0,283434.0,9109.0,9474.0,24620.519556875,10.46883011,5.543
2022,Female,30-34,9320.0,115.0,1923.0,288366.0,13478.0,14247.0,24620.519556875,10.46883011,6.479
2022,Male,30-34,11301.0,207.0,1756.0,290068.0,13478.0,14247.0,24620.519556875,10.46883011,5.543
2022,Female,35-39,8427.0,173.0,1647.0,318264.0,10231.0,10757.0,24620.519556875,10.46883011,6.479
2022,Male,35-39,9966.0,346.0,1505.0,307340.0,10231.0,10757.0,24620.519556875,10.46883011,5.543
2022,Female,40-44,5993.0,349.0,1357.0,377363.0,3086.0,3275.0,24620.519556875,10.46883011,6.479
2022,Male,40-44,7927.0,577.0,1239.0,352494.0,3086.0,3275.0,24620.519556875,10.46883011,5.543
2022,Female,45-49,4465.0,568.0,969.0,425152.0,246.0,282.0,24620.519556875,10.46883011,6.479
2022,Male,45-49,6035.0,1084.0,886.0,393300.0,246.0,282.0,24620.519556875,10.46883011,5.543
2022,Female,5-9,3635.0,19.0,290.0,212966.0,0.0,0.0,24620.519556875,10.46883011,6.479
2022,Male,5-9,4380.0,18.0,265.0,224265.0,0.0,0.0,24620.519556875,10.46883011,5.543
2022,Female,50-54,3919.0,824.0,842.0,401390.0,0.0,0.0,24620.519556875,10.46883011,6.479
2022,Male,50-54,4782.0,1827.0,767.0,366542.0,0.0,0.0,24620.519556875,10.46883011,5.543
2022,Female,55-59,3504.0,1222.0,551.0,398617.0,0.0,0.0,24620.519556875,10.46883011,6.479
2022,Male,55-59,3774.0,2867.0,504.0,351904.0,0.0,0.0,24620.519556875,10.46883011,5.543
2022,Female,60-64,4094.0,1828.0,149.0,387843.0,0.0,0.0,24620.519556875,10.46883011,6.479
2022,Male,60-64,5509.0,3941.0,135.0,339566.0,0.0,0.0,24620.519556875,10.46883011,5.543
2022,Female,65-69,3319.0,2535.0,21.0,360010.0,0.0,0.0,24620.519556875,10.46883011,6.479
2022,Male,65-69,4138.0,5056.0,19.0,309736.0,0.0,0.0,24620.519556875,10.46883011,5.543
2022,Female,70-74,2214.0,3767.0,50.0,336437.0,0.0,0.0,24620.519556875,10.46883011,6.479
2022,Male,70-74,2871.0,6569.0,48.0,282322.0,0.0,0.0,24620.519556875,10.46883011,5.543
2022,Female,75-79,1110.0,6307.0,30.0,279276.0,0.0,0.0,24620.519556875,10.46883011,6.479
2022,Male,75-79,1738.0,8153.0,29.0,215355.0,0.0,0.0,24620.519556875,10.46883011,5.543
2022,Female,80-84,646.0,9933.0,42.0,211198.0,0.0,0.0,24620.519556875,10.46883011,6.479
2022,Male,80-84,1052.0,10182.0,40.0,148063.0,0.0,0.0,24620.519556875,10.46883011,5.543
2022,Female,85+,316.0,34829.0,23.0,242682.0,0.0,0.0,24620.519556875,10.46883011,6.479
2022,Male,85+,448.0,20676.0,21.0,125825.0,0.0,0.0,24620.519556875,10.46883011,5.543
2023,Female,0-4,2196.0,118.0,285.0,208651.0,0.0,0.0,27331.2094945255,10.00331116,6.881
2023,Male,0-4,3384.0,166.0,260.0,221121.0,0.0,0.0,27331.2094945255,10.00331116,6.139
2023,Female,10-14,4441.0,24.0,190.0,238274.0,8.0,15.0,27331.2094945255,10.00331116,6.881
2023,Male,10-14,3911.0,29.0,173.0,247542.0,8.0,15.0,27331.2094945255,10.00331116,6.139
2023,Female,15-19,5059.0,39.0,827.0,258900.0,790.0,834.0,27331.2094945255,10.00331116,6.881
2023,Male,15-19,4454.0,108.0,758.0,269206.0,790.0,834.0,27331.2094945255,10.00331116,6.139
2023,Female,20-24,8670.0,59.0,3614.0,280090.0,4231.0,4434.0,27331.2094945255,10.00331116,6.881
2023,Male,20-24,7670.0,149.0,3309.0,290561.0,4231.0,4434.0,27331.2094945255,10.00331116,6.139
2023,Female,25-29,11270.0,67.0,3994.0,278498.0,9591.0,9982.0,27331.2094945255,10.00331116,6.881
2023,Male,25-29,13027.0,183.0,3656.0,291928.0,9591.0,9982.0,27331.2094945255,10.00331116,6.139
2023,Female,30-34,11337.0,109.0,2257.0,295770.0,13973.0,14594.0,27331.2094945255,10.00331116,6.881
2023,Male,30-34,14158.0,231.0,2067.0,300061.0,13973.0,14594.0,27331.2094945255,10.00331116,6.139
2023,Female,35-39,9592.0,186.0,1756.0,316753.0,10123.0,10392.0,27331.2094945255,10.00331116,6.881
2023,Male,35-39,11666.0,319.0,1606.0,308975.0,10123.0,10392.0,27331.2094945255,10.00331116,6.139
2023,Female,40-44,7498.0,287.0,1332.0,373875.0,3089.0,3301.0,27331.2094945255,10.00331116,6.881
2023,Male,40-44,9344.0,544.0,1221.0,352038.0,3089.0,3301.0,27331.2094945255,10.00331116,6.139
2023,Female,45-49,5427.0,577.0,1008.0,425996.0,275.0,327.0,27331.2094945255,10.00331116,6.881
2023,Male,45-49,6805.0,1046.0,922.0,394465.0,275.0,327.0,27331.2094945255,10.00331116,6.139
2023,Female,5-9,3751.0,19.0,263.0,218559.0,0.0,0.0,27331.2094945255,10.00331116,6.881
2023,Male,5-9,3881.0,22.0,241.0,229621.0,0.0,0.0,27331.2094945255,10.00331116,6.139
2023,Female,50-54,4275.0,827.0,891.0,409236.0,0.0,0.0,27331.2094945255,10.00331116,6.881
2023,Male,50-54,4954.0,1782.0,817.0,373346.0,0.0,0.0,27331.2094945255,10.00331116,6.139
2023,Female,55-59,3882.0,1181.0,702.0,400294.0,0.0,0.0,27331.2094945255,10.00331116,6.881
2023,Male,55-59,4504.0,2670.0,642.0,354591.0,0.0,0.0,27331.2094945255,10.00331116,6.139
2023,Female,60-64,3771.0,1764.0,261.0,392774.0,0.0,0.0,27331.2094945255,10.00331116,6.881
2023,Male,60-64,5730.0,3875.0,239.0,344026.0,0.0,0.0,27331.2094945255,10.00331116,6.139
2023,Female,65-69,3103.0,2435.0,45.0,368303.0,0.0,0.0,27331.2094945255,10.00331116,6.881
2023,Male,65-69,4103.0,5013.0,41.0,316994.0,0.0,0.0,27331.2094945255,10.00331116,6.139
2023,Female,70-74,1930.0,3705.0,32.0,337022.0,0.0,0.0,27331.2094945255,10.00331116,6.881
2023,Male,70-74,1628.0,6362.0,30.0,282121.0,0.0,0.0,27331.2094945255,10.00331116,6.139
2023,Female,75-79,1096.0,5857.0,38.0,291354.0,0.0,0.0,27331.2094945255,10.00331116,6.881
2023,Male,75-79,1103.0,7905.0,36.0,225565.0,0.0,0.0,27331.2094945255,10.00331116,6.139
2023,Female,80-84,516.0,9216.0,56.0,213353.0,0.0,0.0,27331.2094945255,10.00331116,6.881
2023,Male,80-84,508.0,9333.0,54.0,150497.0,0.0,0.0,27331.2094945255,10.00331116,6.139
2023,Female,85+,401.0,32753.0,22.0,248456.0,0.0,0.0,27331.2094945255,10.00331116,6.881
2023,Male,85+,322.0,19967.0,21.0,130910.0,0.0,0.0,27331.2094945255,10.00331116,6.139
